"participant","leaveoutindex","reward","environment","horizon","kError","beta","tau"
1,1,"Cumulative","Rough",20,0.00673816045363542,0.325763490708307,0.208792822836484
1,2,"Cumulative","Rough",20,0.00673858831399301,0.324854693690032,0.235596700064173
1,3,"Cumulative","Rough",20,0.00674237158694678,44.7359893862092,25.9159602316605
1,4,"Cumulative","Rough",20,0.00673877323169836,0.361867434682134,0.238157396507852
1,1,"Cumulative","Rough",40,1.08410881656969,1.22534134761343,0.689491224304455
1,2,"Cumulative","Rough",40,0.91693000310507,45.474741508935,24.637675408897
1,3,"Cumulative","Rough",40,0.00673881576907309,32.671075784491,17.0892347817217
1,4,"Cumulative","Rough",40,1.07551431042854,44.8420127930424,23.6587834739051
2,1,"Cumulative","Rough",20,0.00674438377296458,0.258800829054331,0.168847603373907
2,2,"Cumulative","Rough",20,0.639420812970032,0.38478390687705,0.217154626314569
2,3,"Cumulative","Rough",20,0.519599853687679,1.4170744452908,0.795298194125806
2,4,"Cumulative","Rough",20,0.7397249459197,0.436413669562962,0.234793684029671
2,1,"Cumulative","Rough",40,0.00674852466120966,44.7223604944743,26.3028567690665
2,2,"Cumulative","Rough",40,0.00675407165063361,44.3256149547395,24.1581873706712
2,3,"Cumulative","Rough",40,0.00674423746215827,44.5486198569008,25.8366674458507
2,4,"Cumulative","Rough",40,0.0067911185408052,43.2052906112233,22.6378985927518
3,1,"Cumulative","Smooth",20,16.3315881005763,0.0149388668052372,0.00673870161704411
3,2,"Cumulative","Smooth",20,12.7289806707183,0.0136483352176118,0.00673816620341773
3,3,"Cumulative","Smooth",20,6.2543997008566,0.060513769935246,0.0317945953699965
3,4,"Cumulative","Smooth",20,17.3519162527669,0.0136853500434249,0.00673797731537857
3,1,"Cumulative","Smooth",40,13.9265967049872,0.0126397686323359,0.00673797288594155
3,2,"Cumulative","Smooth",40,11.9856360132009,0.0156170033960357,0.00673799698530874
3,3,"Cumulative","Smooth",40,14.3898001246051,0.0118289375829339,0.00673795115641258
3,4,"Cumulative","Smooth",40,16.0133118392453,0.0139417798924006,0.00673842322361177
4,1,"Cumulative","Smooth",20,14.4091575049582,0.0372214471525068,0.0156240224118763
4,2,"Cumulative","Smooth",20,25.7697152948031,0.016210600193074,0.00674970630722074
4,3,"Cumulative","Smooth",20,1.16669392404192,0.505586017729804,0.185007150658658
4,4,"Cumulative","Smooth",20,23.7172749447643,0.0154333255764064,0.00674251264274171
4,1,"Cumulative","Smooth",40,3.74098876851802,0.0972512274350761,0.049841840967228
4,2,"Cumulative","Smooth",40,3.80709590169354,0.113255472359804,0.0564728298249126
4,3,"Cumulative","Smooth",40,3.60779194365839,0.110094052715141,0.0555497371556089
4,4,"Cumulative","Smooth",40,6.22144769752444,0.0875879191848741,0.0402890193264739
5,1,"Best","Rough",20,3.43385924070601,0.00673796992176812,0.0159761648220948
5,2,"Best","Rough",20,13.8019176955857,0.0137591277530759,0.00673794728353983
5,3,"Best","Rough",20,13.4320643497401,0.0143669802403609,0.00673795426221299
5,4,"Best","Rough",20,13.0210366871179,0.0129747874961381,0.00673795231019161
5,1,"Best","Rough",40,7.22603049749723,0.00673795787178734,0.00711231962996867
5,2,"Best","Rough",40,10.2456630096769,0.0102642416295561,0.00673794998017495
5,3,"Best","Rough",40,4.27966815444666,0.0494761026581139,0.0290738540044453
5,4,"Best","Rough",40,10.7651816423631,0.0136099890078448,0.00673795485930607
6,1,"Best","Rough",20,0.00673797125149953,0.156383106578887,0.0627228000800176
6,2,"Best","Rough",20,0.00673926453568243,0.135502724987004,0.0667238404385382
6,3,"Best","Rough",20,0.00673794723312847,0.135975560475537,0.0728755204883684
6,4,"Best","Rough",20,0.0067490075917427,0.307685435589077,0.153653362964851
6,1,"Best","Rough",40,4.77011626133698,0.075491192400552,0.040899975711649
6,2,"Best","Rough",40,4.98617346004399,0.0605722503979192,0.0374635026934684
6,3,"Best","Rough",40,4.56711501440517,0.0472078342425389,0.0350446222659212
6,4,"Best","Rough",40,0.00673847570072933,0.19386872710819,0.108784202101119
7,1,"Best","Smooth",20,0.00681903838954891,45.1495013157271,27.1027320471974
7,2,"Best","Smooth",20,0.00690433369995738,44.8654917634453,27.1138425274778
7,3,"Best","Smooth",20,0.00674974650733084,45.4038009478314,26.7999743142432
7,4,"Best","Smooth",20,0.00674897610872872,44.6973624444855,22.7248311723895
7,1,"Best","Smooth",40,0.00674792542661017,0.55242522999059,0.299726275073571
7,2,"Best","Smooth",40,0.00673930295032505,0.587157273397471,0.334075281666105
7,3,"Best","Smooth",40,0.00673845275021787,10.1201001025363,5.71366878138131
7,4,"Best","Smooth",40,0.00673795114601687,9.68102023073837,5.50899221631632
8,1,"Best","Smooth",20,0.683895436719887,0.517324926371286,0.308911644369147
8,2,"Best","Smooth",20,0.651517850124257,0.589720312478101,0.346177910409235
8,3,"Best","Smooth",20,1.09309220637354,0.394503883288135,0.242611394172232
8,4,"Best","Smooth",20,0.717944951465122,0.490851074124651,0.30827344975914
8,1,"Best","Smooth",40,0.00674124616925111,44.7160777280982,24.7820341944894
8,2,"Best","Smooth",40,0.00673881103846348,44.5734388684435,23.8036394753466
8,3,"Best","Smooth",40,0.00673963734828354,44.7375420192288,23.7362117875449
8,4,"Best","Smooth",40,0.006746311067094,44.7121946129404,22.7009139961867
9,1,"Cumulative","Rough",20,0.00673795495258935,0.0591296016660122,0.0211761863687909
9,2,"Cumulative","Rough",20,5.07536757507609,0.0463918057497958,0.0200082395406605
9,3,"Cumulative","Rough",20,5.11013414620983,0.0452963623229923,0.0192290616033804
9,4,"Cumulative","Rough",20,10.7016209459359,0.014503758158174,0.00674333686980073
9,1,"Cumulative","Rough",40,8.67358605225867,0.0230157572639815,0.0135986401910861
9,2,"Cumulative","Rough",40,13.1869634590957,0.0130306608517529,0.00673887528940835
9,3,"Cumulative","Rough",40,7.18460473040209,0.0337260206030347,0.0182683012890557
9,4,"Cumulative","Rough",40,5.80440000325684,0.04409355376462,0.0244037904034274
10,1,"Cumulative","Rough",20,16.0169834721116,0.0130390027345223,0.00673801268755602
10,2,"Cumulative","Rough",20,15.2916803124598,0.012439246168551,0.00674164297648812
10,3,"Cumulative","Rough",20,19.7205340281435,0.0137638046629487,0.0067614623692668
10,4,"Cumulative","Rough",20,0.00721492210573852,0.181189147615663,0.0679456232902031
10,1,"Cumulative","Rough",40,12.9082886792841,0.018871787745144,0.0106586431541169
10,2,"Cumulative","Rough",40,7.13365915501076,0.0422563251010226,0.0239379071292012
10,3,"Cumulative","Rough",40,7.10752187108405,0.0799551670191311,0.0402034391688455
10,4,"Cumulative","Rough",40,19.0395368103517,0.0137152873199546,0.0074912299391935
11,1,"Cumulative","Smooth",20,0.00673846274977509,0.424379290399846,0.191466203962176
11,2,"Cumulative","Smooth",20,0.00674779199002723,0.424110662814233,0.190273839268171
11,3,"Cumulative","Smooth",20,0.00676400221271927,0.346931782040545,0.140571658935511
11,4,"Cumulative","Smooth",20,0.00675868750507598,45.6849637681672,18.5477647982472
11,1,"Cumulative","Smooth",40,1.13100461455247,4.15243637375043,1.60232590537203
11,2,"Cumulative","Smooth",40,0.465189508992215,0.595971120333549,0.266124218745474
11,3,"Cumulative","Smooth",40,0.270607185779062,44.7026690390245,18.3515855449468
11,4,"Cumulative","Smooth",40,0.833772145705214,1.04139767141403,0.420158346918344
12,1,"Cumulative","Smooth",20,1.51305387114609,44.7177974151393,20.4719128035513
12,2,"Cumulative","Smooth",20,1.53035144376929,1.3589684313352,0.787162271202968
12,3,"Cumulative","Smooth",20,0.00674000824775687,44.5269482272115,23.8437765714717
12,4,"Cumulative","Smooth",20,1.54678333315856,44.6855165355244,22.46363914716
12,1,"Cumulative","Smooth",40,0.00673875213010288,0.286155239165538,0.139653373046925
12,2,"Cumulative","Smooth",40,0.466174459788962,0.312316803939148,0.162517731057719
12,3,"Cumulative","Smooth",40,0.47501689481881,0.41189962321068,0.211486066106
12,4,"Cumulative","Smooth",40,0.893608748795451,1.26769157476987,0.596139265446501
13,1,"Best","Rough",20,0.00674554407711883,44.6823837311225,18.1337022674953
13,2,"Best","Rough",20,0.0067458971462239,44.5851162446178,18.7300577026745
13,3,"Best","Rough",20,0.00678204239623765,44.6678024842267,18.0845819690239
13,4,"Best","Rough",20,0.0067404069196582,44.531489736946,19.6765907380958
13,1,"Best","Rough",40,0.00675469654867333,44.8460611469941,20.3068201376343
13,2,"Best","Rough",40,0.00675530757924553,46.6346918105953,19.1609974048931
13,3,"Best","Rough",40,0.00673968788416499,44.7337154167329,20.0199497049963
13,4,"Best","Rough",40,0.0067417426142681,44.5891773018196,20.3154675866969
14,1,"Best","Rough",20,0.523860627165322,44.7328509228992,21.2330962416368
14,2,"Best","Rough",20,0.599945028823196,44.7534745281797,20.1452633283887
14,3,"Best","Rough",20,0.432515289772992,49.7240998226677,21.8123146049838
14,4,"Best","Rough",20,0.00704890079632349,45.9501122238507,21.1628636036298
14,1,"Best","Rough",40,0.00673982833310096,0.395621338943259,0.176328080996841
14,2,"Best","Rough",40,0.00674316174652293,0.337678991610925,0.144332215805661
14,3,"Best","Rough",40,0.006746691508714,0.74351350431718,0.315859710062554
14,4,"Best","Rough",40,0.00674256713526743,0.433721052963267,0.179975044655476
15,1,"Best","Smooth",20,0.00673970557022824,0.382631482276183,0.23404326573662
15,2,"Best","Smooth",20,0.0067391941546242,0.474601866241497,0.258304412134252
15,3,"Best","Smooth",20,0.00681548694877454,47.5905746276459,22.4166286707609
15,4,"Best","Smooth",20,0.00673930530363196,0.422000902357755,0.238129047128959
15,1,"Best","Smooth",40,0.926524981477693,44.6762741321127,21.3400127223092
15,2,"Best","Smooth",40,0.601473342828937,44.7375955472529,21.8996023592736
15,3,"Best","Smooth",40,0.724990140274999,44.6943059365363,21.7594765861927
15,4,"Best","Smooth",40,0.240874677703491,1.15270435256466,0.500372612520032
16,1,"Best","Smooth",20,0.0068009157856517,44.8140700511523,15.7791352004167
16,2,"Best","Smooth",20,1.05719876195326,44.8021356562663,16.2106186034922
16,3,"Best","Smooth",20,1.14805111117768,45.0806828439591,15.7799004708884
16,4,"Best","Smooth",20,0.963571776740482,51.9706205514737,15.0672322775168
16,1,"Best","Smooth",40,0.00675011739830339,44.7090195126256,13.8649778990577
16,2,"Best","Smooth",40,0.128752727458665,44.7640276719589,15.9506633805147
16,3,"Best","Smooth",40,0.14743768953834,46.8572490133915,15.8070066730966
16,4,"Best","Smooth",40,0.274869098964021,43.1096107671261,14.6354139841219
17,1,"Cumulative","Rough",20,1.41039630713012,46.2159088709825,17.7472310731868
17,2,"Cumulative","Rough",20,1.11511257809312,53.9156133189556,17.8785414987818
17,3,"Cumulative","Rough",20,1.47347723720678,45.2134241797045,20.1781142383896
17,4,"Cumulative","Rough",20,0.00675996730211324,49.2600578168939,17.4383744925663
17,1,"Cumulative","Rough",40,0.888510327686202,48.5346710051984,18.1097746151074
17,2,"Cumulative","Rough",40,0.602288423821313,48.1371517821995,16.3234826229772
17,3,"Cumulative","Rough",40,0.5772306709844,45.197104617037,18.2991276525619
17,4,"Cumulative","Rough",40,1.00016568455442,44.3886011442923,18.1737986659997
18,1,"Cumulative","Rough",20,5.07792577172128,0.0470561467531073,0.0345970487981229
18,2,"Cumulative","Rough",20,12.8964135522392,0.00975855774193442,0.00674026202070718
18,3,"Cumulative","Rough",20,5.29143469746298,0.0396042402517531,0.0283683677188042
18,4,"Cumulative","Rough",20,5.03627803740964,0.0349219096605983,0.027454262639573
18,1,"Cumulative","Rough",40,5.11326572516644,0.0297400228386142,0.0227489968528319
18,2,"Cumulative","Rough",40,5.42214439270126,0.0414066973875449,0.0240925550753693
18,3,"Cumulative","Rough",40,10.7416691649885,0.009689630486342,0.00673899008634436
18,4,"Cumulative","Rough",40,5.22078803927112,0.0311019542461247,0.0228058634773334
19,1,"Cumulative","Smooth",20,0.0727568115732002,11.7142523555268,6.15522487995901
19,2,"Cumulative","Smooth",20,0.00674463104875897,44.7269925173447,21.2701917323958
19,3,"Cumulative","Smooth",20,0.165505383710995,44.7450567306535,21.4706960892146
19,4,"Cumulative","Smooth",20,0.180219182753313,43.8027581033909,21.1929036996592
19,1,"Cumulative","Smooth",40,0.968801086556668,45.5937472522545,19.1338646953806
19,2,"Cumulative","Smooth",40,0.00674808341589716,1.33101594885751,0.643145277569986
19,3,"Cumulative","Smooth",40,1.02725241355885,44.9055666570898,20.1054673424421
19,4,"Cumulative","Smooth",40,0.980776890947862,1.86442211286996,0.899163714658896
20,1,"Cumulative","Smooth",20,0.00674377897577594,44.6456140889208,15.460821788865
20,2,"Cumulative","Smooth",20,0.00676064277577058,46.0391681921501,16.2196058152053
20,3,"Cumulative","Smooth",20,0.00674094799368434,44.6863086868678,15.7248975033859
20,4,"Cumulative","Smooth",20,0.00674813167060023,44.4581098304647,15.9596377122586
20,1,"Cumulative","Smooth",40,0.0067400009530257,44.7155516735291,17.249264922863
20,2,"Cumulative","Smooth",40,0.00675415751832771,44.8813249071981,18.1485008750569
20,3,"Cumulative","Smooth",40,0.00674388217960744,44.7304753994541,18.3990760455397
20,4,"Cumulative","Smooth",40,0.00674000289424782,44.7045854461912,18.2580375886882
21,1,"Best","Rough",20,0.00674786214808469,44.8227718700638,23.7431045183253
21,2,"Best","Rough",20,0.00682386820920751,46.4251273010626,27.5160727381898
21,3,"Best","Rough",20,0.00691545894718341,45.0257181318244,25.6792326742217
21,4,"Best","Rough",20,0.00682853748394543,43.9373805471074,24.4217863346558
21,1,"Best","Rough",40,0.0067394243107947,0.733446543354553,0.381052756589091
21,2,"Best","Rough",40,0.00673922498691652,0.669220608053682,0.326512399369886
21,3,"Best","Rough",40,0.00675023487306565,0.319678959495167,0.161482906105924
21,4,"Best","Rough",40,0.00674894912883522,0.34230296907233,0.163904856131484
22,1,"Best","Rough",20,0.00674187223157986,44.6469680923971,28.7596575455374
22,2,"Best","Rough",20,0.00673948544060823,44.6256998111354,25.948588804576
22,3,"Best","Rough",20,0.00673982856566885,44.7176406755014,26.5237502364117
22,4,"Best","Rough",20,0.00675166449708856,44.7205615050848,30.5076782184559
22,1,"Best","Rough",40,0.00674208625851435,44.6891462324702,22.7530323516586
22,2,"Best","Rough",40,0.00673826476164318,44.3904150818262,22.9308102419359
22,3,"Best","Rough",40,0.00673851566628416,44.6654737375152,20.3951282887685
22,4,"Best","Rough",40,0.00674180740983726,44.7325435804733,22.1401626255711
23,1,"Best","Smooth",20,0.00674225760685366,0.211365175374394,0.111438136783004
23,2,"Best","Smooth",20,7.24273999011967,0.0657138418935678,0.0370250514924729
23,3,"Best","Smooth",20,7.49372453584532,0.0691993112044479,0.0375077769774206
23,4,"Best","Smooth",20,4.83499906216671,0.0818325585468196,0.0535408856643574
23,1,"Best","Smooth",40,16.9251341550739,0.0102078311095167,0.00674827330807837
23,2,"Best","Smooth",40,7.8123652664051,0.0449493256586769,0.0295431824905756
23,3,"Best","Smooth",40,7.26124738149195,0.0490517182429528,0.0324583282915319
23,4,"Best","Smooth",40,5.38559370188297,0.0564394880795306,0.0387311642096724
24,1,"Best","Smooth",20,2.67245897140545,0.544810149519076,0.240696207128074
24,2,"Best","Smooth",20,0.723712791521796,122.747731498629,22.0249906289985
24,3,"Best","Smooth",20,2.75505275468959,0.51830505248685,0.245807285472449
24,4,"Best","Smooth",20,2.41819160594065,0.27223856647073,0.131372243555006
24,1,"Best","Smooth",40,2.95790683156044,50.755209011932,23.6536895144572
24,2,"Best","Smooth",40,3.03449583889605,2.34378378117428,1.22724892166412
24,3,"Best","Smooth",40,2.38884957969985,0.671815244666624,0.351401486956466
24,4,"Best","Smooth",40,2.2337904580899,54.9174713529452,23.2741324726923
25,1,"Cumulative","Rough",20,0.00675108023753185,44.5711163051452,19.1225012605081
25,2,"Cumulative","Rough",20,0.00674580106270175,44.6203028042719,17.9945202794394
25,3,"Cumulative","Rough",20,0.00674025913664377,44.7021457243256,17.2489877784122
25,4,"Cumulative","Rough",20,0.00673855379288724,44.2562220288176,18.4256883133484
25,1,"Cumulative","Rough",40,0.0706451798336157,3.39627270723091,1.41064782144912
25,2,"Cumulative","Rough",40,0.00676953148196472,44.7410167061194,20.2419104825947
25,3,"Cumulative","Rough",40,0.00674129095558641,44.5897071699944,18.4264499012816
25,4,"Cumulative","Rough",40,0.00674007172965597,44.6954384999173,18.0622591365589
26,1,"Cumulative","Rough",20,0.682489751901244,45.6317980774344,18.2899766631249
26,2,"Cumulative","Rough",20,1.0766087047359,45.1208972771465,17.9748345313311
26,3,"Cumulative","Rough",20,0.386093510015318,0.47433206724021,0.184401995343759
26,4,"Cumulative","Rough",20,0.490695289745263,94.2361183477875,17.2998338779511
26,1,"Cumulative","Rough",40,0.00674035639036973,44.720905829991,18.7991113779431
26,2,"Cumulative","Rough",40,0.00675498343807594,44.104624733605,19.2386452163733
26,3,"Cumulative","Rough",40,0.00675205693589986,44.7317673592737,17.9638688065372
26,4,"Cumulative","Rough",40,0.00674163470630207,44.6091653619663,18.5351015235965
27,1,"Cumulative","Smooth",20,2.55537074252357,0.303809276274193,0.123688359180771
27,2,"Cumulative","Smooth",20,0.408278253753752,0.216250976719444,0.0832402351636243
27,3,"Cumulative","Smooth",20,2.56719625488753,0.294818219517422,0.117081963727821
27,4,"Cumulative","Smooth",20,2.41244238442489,0.310456264170089,0.112380259054217
27,1,"Cumulative","Smooth",40,5.27989906338496,0.110043619441587,0.0514396418702441
27,2,"Cumulative","Smooth",40,0.00673795505747289,0.189824511843024,0.0729642593178016
27,3,"Cumulative","Smooth",40,0.0067379524886584,0.193626072462729,0.0650706227997004
27,4,"Cumulative","Smooth",40,0.00673808768814453,0.191935558826673,0.0678965660164773
28,1,"Cumulative","Smooth",20,0.00674033007997206,44.8056657424775,17.8060055251364
28,2,"Cumulative","Smooth",20,0.00676508485907421,44.639807601364,19.6049801613428
28,3,"Cumulative","Smooth",20,0.00674388714767371,44.7911667282561,18.4014552458076
28,4,"Cumulative","Smooth",20,0.00675158815352294,45.1454960562836,19.4487873279094
28,1,"Cumulative","Smooth",40,0.0243222275299217,51.0703345975697,18.3519403075569
28,2,"Cumulative","Smooth",40,0.00700396477087052,44.2360763548738,19.1047815449514
28,3,"Cumulative","Smooth",40,0.039825953661482,58.458293231679,20.0394046069452
28,4,"Cumulative","Smooth",40,0.179898786471196,44.8568583931351,19.1489699339849
29,1,"Best","Rough",20,0.125617567445493,1.03094451459796,0.389146292179041
29,2,"Best","Rough",20,0.107897178054436,0.831257083548965,0.315059529529352
29,3,"Best","Rough",20,0.00676012444672958,44.4233201153392,17.0878685089099
29,4,"Best","Rough",20,0.216347674969462,1.38445780565298,0.530165218932482
29,1,"Best","Rough",40,0.0067392178906204,44.8265872660701,18.129567133887
29,2,"Best","Rough",40,0.00673799953556676,44.7340467554837,17.9264664082119
29,3,"Best","Rough",40,0.00673916053837547,44.6577601692976,18.8683743291362
29,4,"Best","Rough",40,0.00674185356740323,43.9905861020367,18.8256102089882
30,1,"Best","Rough",20,0.863472372324036,49.9391004151245,16.8266176344438
30,2,"Best","Rough",20,0.880171855190563,44.1182875524946,19.4178073463347
30,3,"Best","Rough",20,0.921441578193141,44.753456651424,19.4392214227874
30,4,"Best","Rough",20,0.00673828035177739,44.703736733847,17.7205348104984
30,1,"Best","Rough",40,0.00674409460684966,44.6877797235684,19.4816349496012
30,2,"Best","Rough",40,0.00696131239272485,45.7158371259676,19.5269963574513
30,3,"Best","Rough",40,0.00687631145834727,45.7571718092759,20.2336785791835
30,4,"Best","Rough",40,0.00676597131271115,44.459396480993,19.6994535932007
31,1,"Best","Smooth",20,0.00673807256250328,44.7262371420493,28.4288979560394
31,2,"Best","Smooth",20,0.00677443690966406,45.0569735852855,22.2597590854507
31,3,"Best","Smooth",20,0.00674953712474947,44.8754860989548,24.8291708735719
31,4,"Best","Smooth",20,0.00673819400778947,44.7210451191558,25.1812171318768
31,1,"Best","Smooth",40,0.00674161005719697,44.7123420675364,23.2782064318671
31,2,"Best","Smooth",40,0.00674232316504247,44.587343084298,23.1579379722017
31,3,"Best","Smooth",40,0.00675059267768974,44.5103894023018,22.7295944356763
31,4,"Best","Smooth",40,0.00673907311260622,44.3658097859862,23.2890259496278
32,1,"Best","Smooth",20,0.0067716507044125,44.414429493831,21.2674863153813
32,2,"Best","Smooth",20,0.00675572740425951,44.8820909001684,18.3217652463117
32,3,"Best","Smooth",20,0.00674200396958147,44.6575392425421,19.2522388906911
32,4,"Best","Smooth",20,0.00674535352129122,44.5246742084772,18.7380742811026
32,1,"Best","Smooth",40,0.00674910170212493,45.2570242727477,19.8107122500762
32,2,"Best","Smooth",40,0.00674457255585284,44.6650732091,18.698493559001
32,3,"Best","Smooth",40,0.00674427515438469,44.7202919595715,19.2671221918665
32,4,"Best","Smooth",40,0.00679125691904734,44.9080042411974,18.8240308287165
33,1,"Cumulative","Rough",20,1.01621192724808,0.705476103805273,0.245268554744703
33,2,"Cumulative","Rough",20,1.38091045771946,1.52737976391794,0.551998678845024
33,3,"Cumulative","Rough",20,1.1571986467723,0.90666422208329,0.315728312957663
33,4,"Cumulative","Rough",20,1.24809490195673,45.1038970147287,15.8271758650546
33,1,"Cumulative","Rough",40,0.134444311122558,46.8376129379908,16.8966680770136
33,2,"Cumulative","Rough",40,0.581925123457747,46.2348270497723,16.3694107297044
33,3,"Cumulative","Rough",40,0.0465508899466114,132.943580074015,16.9747262925684
33,4,"Cumulative","Rough",40,0.349916149341174,71.6529761062091,17.1872836049487
34,1,"Cumulative","Smooth",20,0.00686349292142236,44.6440239761462,13.4410895845385
34,2,"Cumulative","Smooth",20,0.00674942482646748,44.7768416997411,15.3150562433378
34,3,"Cumulative","Smooth",20,0.00676053670260339,44.033642375706,13.7853689542122
34,4,"Cumulative","Smooth",20,0.00674185495642066,44.7302685753238,14.2922808829833
34,1,"Cumulative","Smooth",40,0.00676854043085091,46.6719187371587,17.4034363662493
34,2,"Cumulative","Smooth",40,0.00674273708591528,44.7668517259337,16.751625339968
34,3,"Cumulative","Smooth",40,0.00675913190866633,40.8504541998811,15.1314062592916
34,4,"Cumulative","Smooth",40,0.00674584010304541,44.6694702502406,16.8364694773798
35,1,"Cumulative","Smooth",20,0.0068287085165891,44.9405966862563,18.4372983537618
35,2,"Cumulative","Smooth",20,0.00673971358138389,46.9058485029463,17.3405968694168
35,3,"Cumulative","Smooth",20,0.006749292505375,44.7316213873946,20.2913803201813
35,4,"Cumulative","Smooth",20,0.0067624671244419,44.7782489080988,19.1820524239954
35,1,"Cumulative","Smooth",40,0.00673937303930446,44.6910167215244,17.8409103236148
35,2,"Cumulative","Smooth",40,0.00673820765577484,45.1075036594216,17.8973622632984
35,3,"Cumulative","Smooth",40,0.00674561425365977,44.6057624635785,18.6939741393224
35,4,"Cumulative","Smooth",40,0.00673863933413519,44.6300499196617,17.563303812641
36,1,"Best","Rough",20,0.00676751415227183,44.0475732734984,23.7843201634067
36,2,"Best","Rough",20,0.00673822832767971,44.6950668877227,23.2741556143767
36,3,"Best","Rough",20,0.00674349157179737,44.7191464022417,25.5171563187221
36,4,"Best","Rough",20,0.00674630397550034,44.6041138128283,22.7496049258724
36,1,"Best","Rough",40,0.00675363059664007,44.6764599632153,24.0774718805388
36,2,"Best","Rough",40,0.00675020769936492,44.7585563204178,23.3265213976762
36,3,"Best","Rough",40,0.00674364727335337,44.5818709480494,23.7741444117635
36,4,"Best","Rough",40,0.00678073785459503,44.2747801862599,24.7786495809243
37,1,"Best","Rough",20,9.11924202729143,0.0598991105234047,0.0215282199156668
37,2,"Best","Rough",20,18.3903017412771,0.0221690124824645,0.0067380841465743
37,3,"Best","Rough",20,11.0032160387809,0.0525272252346352,0.0190922883122009
37,4,"Best","Rough",20,11.4131419595641,0.016763997102764,0.00673820038639644
37,1,"Best","Rough",40,16.565784874867,0.0222483142026401,0.00673794736004363
37,2,"Best","Rough",40,7.92970646032401,0.046330294080468,0.0158821520527057
37,3,"Best","Rough",40,17.0297432013096,0.0190626419648672,0.00673796122916434
37,4,"Best","Rough",40,15.3922447191508,0.0219810855152851,0.00673795578772078
38,1,"Best","Smooth",20,0.00674626904927089,44.7125523592295,17.1526216374936
38,2,"Best","Smooth",20,0.00674714201347912,44.588243225444,18.8170198662384
38,3,"Best","Smooth",20,0.00673827661370912,44.6663331593348,17.8026039919783
38,4,"Best","Smooth",20,0.00674802159373837,44.5971379073614,18.9411337847368
38,1,"Best","Smooth",40,0.00679685451739762,44.7047467095424,18.9747579528571
38,2,"Best","Smooth",40,0.00674140418289183,44.6736958610877,17.9615393186088
38,3,"Best","Smooth",40,0.00673983058094165,44.7507248005493,18.4089925918281
38,4,"Best","Smooth",40,0.00674224487442173,44.7006391696488,17.4227459162682
39,1,"Best","Smooth",20,0.689814585068369,4.34668249481993,1.63462767523445
39,2,"Best","Smooth",20,0.576910853796209,62.4964976292023,15.5889505176349
39,3,"Best","Smooth",20,0.00673904891883286,44.883706492089,16.6507246542803
39,4,"Best","Smooth",20,0.685131005387657,44.6868531444759,17.1575647929735
39,1,"Best","Smooth",40,0.00680388539800427,49.661049321106,18.1686648078176
39,2,"Best","Smooth",40,0.321322197672502,52.1505069436055,20.0189741697905
39,3,"Best","Smooth",40,0.225894676700969,94.7462157578255,18.8162395548563
39,4,"Best","Smooth",40,0.00675106953660355,0.516162666063938,0.211161925738249
40,1,"Cumulative","Rough",20,0.670018928677712,44.7495620593036,18.3667976425092
40,2,"Cumulative","Rough",20,0.624178129820911,44.7345886247629,19.3749915293652
40,3,"Cumulative","Rough",20,0.00674078013270228,44.6651422529363,18.0926033488511
40,4,"Cumulative","Rough",20,0.315888293011819,84.1016787823416,19.5700640389311
40,1,"Cumulative","Rough",40,0.602694433844164,86.9370539035783,18.666482763446
40,2,"Cumulative","Rough",40,0.947621973358965,44.7620849252762,20.2102913089198
40,3,"Cumulative","Rough",40,0.73590066853337,44.6515416127392,19.1721545650513
40,4,"Cumulative","Rough",40,0.516049216835781,89.8545234511706,21.9024165569772
41,1,"Cumulative","Rough",20,0.00674789178773878,0.260484374479664,0.107750338509502
41,2,"Cumulative","Rough",20,0.00673853813548998,0.264990007446443,0.11025701848795
41,3,"Cumulative","Rough",20,0.00675245316484358,0.288211871511116,0.117485204270064
41,4,"Cumulative","Rough",20,0.00673920579194109,0.303686618313553,0.116316138976839
41,1,"Cumulative","Rough",40,0.746580304131147,2.50983516281113,0.985774405759572
41,2,"Cumulative","Rough",40,0.374544644663156,0.954625950074842,0.40922222359042
41,3,"Cumulative","Rough",40,0.431089987327203,0.888540442343297,0.361052790617773
41,4,"Cumulative","Rough",40,0.537354513318188,1.86495283989742,0.766294002020721
42,1,"Cumulative","Smooth",20,16.7578235312754,0.0108658656380219,0.00673854971636363
42,2,"Cumulative","Smooth",20,15.3416926667053,0.0118941833196035,0.006738100240737
42,3,"Cumulative","Smooth",20,15.0681675960639,0.00999984059996974,0.00673826239257462
42,4,"Cumulative","Smooth",20,15.5148059500647,0.0110933433417268,0.00673845637417404
42,1,"Cumulative","Smooth",40,17.0829983352031,0.0106751447587907,0.00673800730096194
42,2,"Cumulative","Smooth",40,16.0647443037968,0.0106654409524291,0.00673825176448931
42,3,"Cumulative","Smooth",40,15.4413431223146,0.0106505223856467,0.0067430660097523
42,4,"Cumulative","Smooth",40,16.8596631404632,0.0102514327753208,0.00673847057320429
43,1,"Cumulative","Smooth",20,0.0067470766202814,44.5720943005026,18.5710754703803
43,2,"Cumulative","Smooth",20,0.00674481052897184,44.7002774062173,17.0795693360257
43,3,"Cumulative","Smooth",20,0.00674175855241605,44.7391320531724,16.769819438374
43,4,"Cumulative","Smooth",20,0.00674151834881447,44.7353686790769,18.2061013317741
43,1,"Cumulative","Smooth",40,0.00692230219419422,46.2103004621613,22.1915645855566
43,2,"Cumulative","Smooth",40,0.00683998442226075,45.1130776773341,20.5291842440084
43,3,"Cumulative","Smooth",40,0.00675248405032128,44.5287038461198,19.5883004843132
43,4,"Cumulative","Smooth",40,0.00675264858525247,44.7238617720741,20.6904839438226
44,1,"Best","Smooth",20,0.00675421386501499,44.7104478614109,18.3939322560637
44,2,"Best","Smooth",20,0.00683960472493319,44.7461053984732,16.469535847696
44,3,"Best","Smooth",20,0.0067557510535076,46.0469280803962,17.8490516478517
44,4,"Best","Smooth",20,0.00675791607538152,47.5357636326601,17.3527708196793
44,1,"Best","Smooth",40,0.97860700208283,1.931760017518,0.847289538109903
44,2,"Best","Smooth",40,0.726365044757106,52.3895800448248,19.821326674519
44,3,"Best","Smooth",40,0.841310139797802,3.26241127163364,1.41093854411842
44,4,"Best","Smooth",40,0.240812453226311,3.71459154214783,1.79898372164348
45,1,"Best","Smooth",20,1.41262057500039,45.0741754548325,18.6454942901904
45,2,"Best","Smooth",20,1.06777662091745,44.7414339039439,15.4808769095708
45,3,"Best","Smooth",20,0.593134903574718,45.4253890609134,17.5876114578015
45,4,"Best","Smooth",20,0.957428873431437,59.7852135033666,17.9621518346767
45,1,"Best","Smooth",40,0.545059256323606,102.916169405516,17.7311430889094
45,2,"Best","Smooth",40,0.874662377718582,64.1302809843186,18.5417083139752
45,3,"Best","Smooth",40,1.56097007206987,44.8380690146302,21.3364784274173
45,4,"Best","Smooth",40,0.970799532555121,0.880802665106687,0.340215672283933
46,1,"Cumulative","Rough",20,20.1689515607423,0.0150902750995402,0.00673827280060376
46,2,"Cumulative","Rough",20,11.6835401438602,0.0341201468199922,0.013797713379364
46,3,"Cumulative","Rough",20,19.2769078586627,0.0171828842852311,0.00674663049883679
46,4,"Cumulative","Rough",20,0.436738957758931,0.637372923542743,0.234685138497946
46,1,"Cumulative","Rough",40,0.00682625052629898,45.0025921035918,21.3047239418103
46,2,"Cumulative","Rough",40,0.00867872833217709,42.9474481600812,18.9671399895512
46,3,"Cumulative","Rough",40,0.00674466545163462,44.7468288816466,21.2978598914675
46,4,"Cumulative","Rough",40,0.00676412066843994,44.7366066379688,19.6518738669033
47,1,"Cumulative","Rough",20,0.0068679469079204,45.4855731015242,18.0091419393635
47,2,"Cumulative","Rough",20,0.00673889072256936,44.2102533228037,16.2617512438126
47,3,"Cumulative","Rough",20,0.00674035844476293,44.5042624290694,16.8220617484715
47,4,"Cumulative","Rough",20,0.0067428840196718,44.6287782820734,19.2114170218997
47,1,"Cumulative","Rough",40,0.0067394426994265,44.707737911143,16.6762706210152
47,2,"Cumulative","Rough",40,0.00677053165356539,44.3978093785554,15.9332048173169
47,3,"Cumulative","Rough",40,0.00674952911815893,44.5725276848999,16.3114468558449
47,4,"Cumulative","Rough",40,0.0067492108270723,44.5170023690938,15.8371036632844
48,1,"Cumulative","Smooth",20,15.2285398807803,0.0143486888224539,0.00673796259451388
48,2,"Cumulative","Smooth",20,17.0115983430789,0.0145507618653137,0.00673801934463182
48,3,"Cumulative","Smooth",20,0.00673794902347897,0.192636919509843,0.0721231665197086
48,4,"Cumulative","Smooth",20,15.4700722819013,0.0122972724739508,0.00674307948676512
48,1,"Cumulative","Smooth",40,12.1185132247974,0.0139346524122552,0.00673794803033056
48,2,"Cumulative","Smooth",40,15.326871510793,0.0142710157771481,0.00674082900553648
48,3,"Cumulative","Smooth",40,13.6939878887392,0.013307821308414,0.00673795063667972
48,4,"Cumulative","Smooth",40,14.4239041208342,0.0131835420001532,0.00673794844498632
49,1,"Cumulative","Smooth",20,0.00673852142465195,44.834966091626,17.5064497029053
49,2,"Cumulative","Smooth",20,0.0067588359206761,44.7165035432471,14.7372511160748
49,3,"Cumulative","Smooth",20,0.00683672066732221,42.5747062298605,15.5319238696277
49,4,"Cumulative","Smooth",20,0.00678866594296465,44.5133184383397,16.0229121553017
49,1,"Cumulative","Smooth",40,0.0973147254457801,0.435215484262253,0.148230807312126
49,2,"Cumulative","Smooth",40,0.459698322874261,0.697607322145442,0.257192500328621
49,3,"Cumulative","Smooth",40,0.57687965001788,0.770171716415938,0.268740093128602
49,4,"Cumulative","Smooth",40,0.178793742275147,1.52552871393662,0.547011801306234
50,1,"Best","Rough",20,1.98986682809591,0.794783345770206,0.379574858145254
50,2,"Best","Rough",20,1.82711707179137,0.515016788183474,0.227003135042936
50,3,"Best","Rough",20,1.94767583898049,1.05934873102087,0.430525050361007
50,4,"Best","Rough",20,0.00680727282207871,44.7108921558353,20.8799546667185
50,1,"Best","Rough",40,0.0551506080000761,0.54418568586865,0.256938284418523
50,2,"Best","Rough",40,0.104880499555246,45.3488834239663,19.9892297697786
50,3,"Best","Rough",40,0.490723319964702,45.6533785933285,21.1330644876245
50,4,"Best","Rough",40,0.32104363956647,59.1386835544239,20.3861994914469
51,1,"Best","Rough",20,0.0385133616128508,44.6465423795551,21.6387357851466
51,2,"Best","Rough",20,0.053406699823489,47.1668854609306,20.9491284447338
51,3,"Best","Rough",20,0.00685430050592415,43.5531561759335,21.8227204664122
51,4,"Best","Rough",20,0.00676275063375003,44.7145928902744,21.9329371820216
51,1,"Best","Rough",40,0.0067391092702872,44.7252213752644,18.2157625478958
51,2,"Best","Rough",40,0.00674269624357271,44.7431735924846,17.9257735128345
51,3,"Best","Rough",40,0.00674006005818393,44.6945005741111,18.3710094075488
51,4,"Best","Rough",40,0.0067404748462719,44.6292264742825,17.6501996533779
52,1,"Best","Smooth",20,0.0070447409241398,42.5999376547686,17.0776856514943
52,2,"Best","Smooth",20,0.0067390384464726,44.7087347605402,16.8628292159025
52,3,"Best","Smooth",20,0.00674355097023748,44.5939979498574,16.3055264100111
52,4,"Best","Smooth",20,0.00674474094827692,44.4327793693849,15.8801519502906
52,1,"Best","Smooth",40,0.00674854599554328,44.6283321527975,20.8862728971131
52,2,"Best","Smooth",40,0.00679378815871779,44.8434826359857,20.1000176073366
52,3,"Best","Smooth",40,0.00676099691922615,44.6791124314181,20.6582546220716
52,4,"Best","Smooth",40,0.006877596247126,44.5459909915185,19.4923719973785
53,1,"Best","Smooth",20,0.00678357892191502,44.6439987003409,25.7279122092918
53,2,"Best","Smooth",20,0.00673971872437212,44.7036169798037,22.1659738693689
53,3,"Best","Smooth",20,0.00674447140521303,44.702376061579,20.3361747382997
53,4,"Best","Smooth",20,0.00673795271384503,44.6209425713478,22.4360864334405
53,1,"Best","Smooth",40,0.00673839019488596,44.7085050569496,27.4641071712985
53,2,"Best","Smooth",40,0.00673953664294995,44.7367934863654,29.5533909144286
53,3,"Best","Smooth",40,0.00673980483525958,44.7540733186004,25.2651066670857
53,4,"Best","Smooth",40,0.00673828263883018,44.7312969255397,27.6048852201269
54,1,"Cumulative","Rough",20,0.414185130985991,0.815401624015998,0.348984480941656
54,2,"Cumulative","Rough",20,0.221487831464965,0.338453723687511,0.138775160844655
54,3,"Cumulative","Rough",20,0.00673919372969551,0.30052440506987,0.123131133027005
54,4,"Cumulative","Rough",20,0.220815618996169,0.353025880509198,0.130152394087248
54,1,"Cumulative","Rough",40,0.114300577502238,44.6763105894854,20.6681838646285
54,2,"Cumulative","Rough",40,0.302023766377656,44.7023431498593,18.2850134786352
54,3,"Cumulative","Rough",40,0.271744327735677,44.7728427454845,18.6932134880755
54,4,"Cumulative","Rough",40,0.00677459797311526,45.4381564522678,18.7621792390997
55,1,"Cumulative","Rough",20,0.00681154074385802,44.5637468354422,22.9283937586548
55,2,"Cumulative","Rough",20,0.00679711224597244,42.2399401193949,21.174661487383
55,3,"Cumulative","Rough",20,0.0067760895208765,44.5850269680661,22.123539846547
55,4,"Cumulative","Rough",20,0.00673851162364348,44.6980557196568,20.3274541570105
55,1,"Cumulative","Rough",40,0.00675831683790441,44.7079275049855,23.7519988522046
55,2,"Cumulative","Rough",40,0.00674275995551188,44.7166537787612,23.5610930254774
55,3,"Cumulative","Rough",40,0.00674615634161258,44.7187155458118,22.236581998997
55,4,"Cumulative","Rough",40,0.00674094266744773,44.7929377636588,23.8677984806295
56,1,"Cumulative","Smooth",20,0.00673868461532859,0.313052392825596,0.147019568205577
56,2,"Cumulative","Smooth",20,0.879309365220267,2.47340856364948,1.1491881003763
56,3,"Cumulative","Smooth",20,1.19959643819026,0.897032318286979,0.436690812422455
56,4,"Cumulative","Smooth",20,0.841344972118222,56.0612746466866,20.548069345349
56,1,"Cumulative","Smooth",40,1.55183863838771,6.0784712990562,2.47691884750209
56,2,"Cumulative","Smooth",40,2.00090731476569,1.31236529023061,0.535153994579527
56,3,"Cumulative","Smooth",40,1.65979194554951,1.17148050610514,0.476978629822313
56,4,"Cumulative","Smooth",40,0.683083048137198,105.100653083815,17.583886183591
57,1,"Cumulative","Smooth",20,0.00674246047320648,0.412975848272614,0.200203924712666
57,2,"Cumulative","Smooth",20,22.6459710247517,0.0125826960184935,0.00673865995400539
57,3,"Cumulative","Smooth",20,20.0774728256982,0.012333516538552,0.00675859810114314
57,4,"Cumulative","Smooth",20,21.9334252741841,0.0137598660715614,0.00673854064233114
57,1,"Cumulative","Smooth",40,0.152479392498338,1.11285035011034,0.530814182272471
57,2,"Cumulative","Smooth",40,0.108006021329256,1.48007403406228,0.684641548139357
57,3,"Cumulative","Smooth",40,0.00674199170829018,0.574887512305958,0.248653902135345
57,4,"Cumulative","Smooth",40,0.342500966144881,0.947881609175557,0.466611438093776
58,1,"Best","Rough",20,0.00673900475621184,44.628606100361,17.5762550869301
58,2,"Best","Rough",20,0.413007844256803,0.652022803756969,0.256080835646275
58,3,"Best","Rough",20,0.41564893271516,0.653038696386275,0.26074107447958
58,4,"Best","Rough",20,0.385119360353869,0.801533164554686,0.335303741069295
58,1,"Best","Rough",40,0.423418720220821,64.8183935374097,17.4144397872926
58,2,"Best","Rough",40,0.61540820285012,44.9612268253543,17.6319819279517
58,3,"Best","Rough",40,0.699995787894403,44.7480244420438,16.5024366960416
58,4,"Best","Rough",40,0.549434112257305,68.2225424667824,16.5403679579032
59,1,"Best","Rough",20,18.2744334069655,0.00920079138757865,0.00676860613321849
59,2,"Best","Rough",20,0.00673800478091939,0.170307575569424,0.101209133207349
59,3,"Best","Rough",20,18.1368445518147,0.0111664264650469,0.00674948476911906
59,4,"Best","Rough",20,16.7584755224876,0.0100599844135413,0.00675379732732376
59,1,"Best","Rough",40,16.210020739341,0.0102468081690161,0.00675165874721553
59,2,"Best","Rough",40,7.78209399985519,0.0551757852203323,0.029535541274676
59,3,"Best","Rough",40,11.3364643055,0.026052056656862,0.0145714689118743
59,4,"Best","Rough",40,15.6417407819987,0.0111050564623898,0.00674058201575781
60,1,"Best","Smooth",20,0.00697435237353233,43.9439644002159,21.3160991511195
60,2,"Best","Smooth",20,0.00674007012187406,44.7641657233923,20.3307795426753
60,3,"Best","Smooth",20,0.0067398811540682,42.7831292456488,18.8809748047005
60,4,"Best","Smooth",20,0.00675074082914672,44.7264238786799,20.1785032798071
60,1,"Best","Smooth",40,0.156545485460541,0.665225722480375,0.328570430092467
60,2,"Best","Smooth",40,0.00673990801509627,44.7400529627032,23.1210866395429
60,3,"Best","Smooth",40,0.0400282978101579,0.472492483446641,0.249149378577117
60,4,"Best","Smooth",40,0.0880121999580461,0.578694060630659,0.328987078317389
61,1,"Best","Smooth",20,0.00673912788229148,0.331709946018924,0.164073325873403
61,2,"Best","Smooth",20,0.0067381251918066,0.313532675121586,0.137217643741605
61,3,"Best","Smooth",20,0.00673891175699049,0.299625464076488,0.132359720116071
61,4,"Best","Smooth",20,0.00674248663362953,44.6660599158799,21.3347507162785
61,1,"Best","Smooth",40,0.00683847735911334,43.9853576351037,20.9375437847121
61,2,"Best","Smooth",40,0.00675757307186726,44.7007298598011,22.7331427387932
61,3,"Best","Smooth",40,0.00673810928997949,44.7057656386668,21.2471611375541
61,4,"Best","Smooth",40,0.00674413595830025,44.7399326646763,20.9211342685163
62,1,"Cumulative","Rough",20,0.101725821824897,1.96830196238177,0.924080951214428
62,2,"Cumulative","Rough",20,0.151915950909373,1.11647492498445,0.492184550483239
62,3,"Cumulative","Rough",20,0.0978086291977029,1.22650461449408,0.55753460555193
62,4,"Cumulative","Rough",20,0.00673842509718802,44.731609856091,20.2112867989885
62,1,"Cumulative","Rough",40,0.00674971292341313,0.421557805323358,0.184536397714335
62,2,"Cumulative","Rough",40,0.00674347682640022,0.370618042029091,0.166260094099312
62,3,"Cumulative","Rough",40,0.0070058538413986,0.422353509818962,0.196471334535561
62,4,"Cumulative","Rough",40,0.515822150521154,12.0925769283396,5.17241389738334
63,1,"Cumulative","Rough",20,3.62449622230608,0.532868559241966,0.242733963813631
63,2,"Cumulative","Rough",20,1.49322040501885,0.902144085062354,0.413130368896586
63,3,"Cumulative","Rough",20,2.73510641706499,6.28230543874389,2.90978626598897
63,4,"Cumulative","Rough",20,3.34869913838653,1.59081224560686,0.742068326095511
63,1,"Cumulative","Rough",40,2.43101635311355,1.82271794917877,0.778498282931263
63,2,"Cumulative","Rough",40,2.66016208989191,48.96699809884,20.3377872420657
63,3,"Cumulative","Rough",40,1.20160882485298,71.3428381100508,19.5706898346232
63,4,"Cumulative","Rough",40,2.32129199486738,0.888625234998192,0.381950535876503
64,1,"Cumulative","Smooth",20,9.96881102708034,0.0363571255020791,0.0199514435971346
64,2,"Cumulative","Smooth",20,9.67994076855718,0.0388607342841267,0.0220230681509421
64,3,"Cumulative","Smooth",20,6.62614727449,0.0616938577173017,0.0321043534296925
64,4,"Cumulative","Smooth",20,15.189298347763,0.0320180939311265,0.0142106149144962
64,1,"Cumulative","Smooth",40,6.26516876696113,0.0998869027271211,0.0452236696487173
64,2,"Cumulative","Smooth",40,7.65030108579152,0.0906991662960379,0.0402350312815193
64,3,"Cumulative","Smooth",40,10.1914746853058,0.066595568535473,0.030685384305078
64,4,"Cumulative","Smooth",40,0.00673803637669388,0.181289684721437,0.0670691837544425
65,1,"Best","Rough",20,0.350767742618714,0.263326618329699,0.129134057841294
65,2,"Best","Rough",20,1.33163298269132,45.6638127882702,22.1984321024575
65,3,"Best","Rough",20,1.85299274456503,0.495277818282144,0.252732038599671
65,4,"Best","Rough",20,1.71245324638622,1.84679128092614,0.939675451034153
65,1,"Best","Rough",40,0.186671677906619,81.4279211084301,21.1826731494191
65,2,"Best","Rough",40,0.00673971487148914,44.7332085754162,21.8900133451217
65,3,"Best","Rough",40,0.0067379920830982,44.665591632349,21.2779686362604
65,4,"Best","Rough",40,0.228731640246561,49.552988287883,21.7920090025969
66,1,"Best","Rough",20,0.00674146261263633,44.7573169159474,28.1666305627954
66,2,"Best","Rough",20,1.84138336459112,140.081545466689,31.8852381196094
66,3,"Best","Rough",20,8.21312851006948,0.022422437560935,0.0173912047986942
66,4,"Best","Rough",20,0.00673914564475852,0.158157245746388,0.0862778274558829
66,1,"Best","Rough",40,0.00673822430476945,44.6250739365385,31.7409359080421
66,2,"Best","Rough",40,0.00673805316657311,0.257524414243799,0.177503350486155
66,3,"Best","Rough",40,0.00673808335842677,0.266704619743929,0.181405754478869
66,4,"Best","Rough",40,0.00673794730206077,0.245560319696695,0.168427687496742
67,1,"Best","Smooth",20,0.00674381767790879,44.9547789089754,17.2714491461224
67,2,"Best","Smooth",20,0.0069285613491639,46.0328082428979,18.9863721468511
67,3,"Best","Smooth",20,0.00675630669728081,46.669055003471,17.6045670212877
67,4,"Best","Smooth",20,0.00676549308798456,43.7179358088614,17.4421859826155
67,1,"Best","Smooth",40,0.006738108609586,3.37463766585582,1.53967950078976
67,2,"Best","Smooth",40,0.00673827361074944,3.33216959382885,1.46567415790809
67,3,"Best","Smooth",40,0.00673986420911435,44.4773732193151,19.310359374182
67,4,"Best","Smooth",40,0.00675019582238782,44.6565441208106,19.3708617577314
68,1,"Best","Smooth",20,14.6874818852512,0.0100229870705964,0.00673870923080042
68,2,"Best","Smooth",20,13.7285975055261,0.0108639841161111,0.0067379633284684
68,3,"Best","Smooth",20,11.6821579469566,0.00958361229918227,0.00673833211297325
68,4,"Best","Smooth",20,14.605617372735,0.00910671330160659,0.00673839745354214
68,1,"Best","Smooth",40,4.61996974552379,0.0712747218263468,0.0410783398120988
68,2,"Best","Smooth",40,4.6694399722525,0.0729577806494329,0.0398539861690549
68,3,"Best","Smooth",40,4.86159218750128,0.0671754956672286,0.042073319645245
68,4,"Best","Smooth",40,15.9099472215687,0.0102326783197231,0.00673888346303902
69,1,"Cumulative","Rough",20,14.9142075506158,0.0078052481152344,0.00673881917316053
69,2,"Cumulative","Rough",20,0.0067379551198702,0.166235245321373,0.0876646931805117
69,3,"Cumulative","Rough",20,14.0080325000388,0.0100871308877701,0.00773650194264272
69,4,"Cumulative","Rough",20,0.00673799695581862,0.158517128682954,0.103254382823099
69,1,"Cumulative","Rough",40,12.7538994412484,0.00673984771772414,0.00760446586316351
69,2,"Cumulative","Rough",40,15.2234639334414,0.00730435921140768,0.0067385868059025
69,3,"Cumulative","Rough",40,15.8925852364434,0.00706581245051307,0.00675833264227939
69,4,"Cumulative","Rough",40,15.5124236554376,0.00720351539265828,0.00674723584415367
70,1,"Cumulative","Rough",20,0.821675299715788,0.864526801312309,0.397561217235965
70,2,"Cumulative","Rough",20,0.871823898482028,1.07582504066221,0.464260309873945
70,3,"Cumulative","Rough",20,0.00674245774251945,44.737669931659,21.8824218049132
70,4,"Cumulative","Rough",20,0.616277735574383,0.452802728664373,0.208078970153978
70,1,"Cumulative","Rough",40,0.00673940635262781,44.7046141782072,21.0137252232586
70,2,"Cumulative","Rough",40,0.00673860729150121,44.4704057060705,22.0118052071614
70,3,"Cumulative","Rough",40,0.00674987744620143,44.4195835147927,21.525100371177
70,4,"Cumulative","Rough",40,0.00673875840752511,44.6852226566186,19.6572079165361
71,1,"Cumulative","Smooth",20,0.00677473543235353,45.2117184090573,19.572772136388
71,2,"Cumulative","Smooth",20,0.00673854143468162,44.6944347240929,16.384483043792
71,3,"Cumulative","Smooth",20,0.00683933849512032,39.5562092833607,16.2399586718323
71,4,"Cumulative","Smooth",20,0.00680610509276539,44.685132520653,16.6401858839238
71,1,"Cumulative","Smooth",40,0.00674991015304869,44.9481575671926,15.4656707925129
71,2,"Cumulative","Smooth",40,0.00675004892560816,44.7520028265313,17.7994989482671
71,3,"Cumulative","Smooth",40,0.00683620200226811,44.6405216400316,16.5630250519459
71,4,"Cumulative","Smooth",40,0.00675249263143059,44.7502002150659,16.3387045682871
72,1,"Cumulative","Smooth",20,0.00674038633719471,0.459586080308805,0.173206401553574
72,2,"Cumulative","Smooth",20,0.00674690334614465,0.491336206467501,0.199346202700468
72,3,"Cumulative","Smooth",20,0.00673802171468142,0.469870722963934,0.193414006938331
72,4,"Cumulative","Smooth",20,0.00673953987076742,44.6634876624036,16.7425239705677
72,1,"Cumulative","Smooth",40,0.730898743998063,44.7024182125453,17.7514755734895
72,2,"Cumulative","Smooth",40,1.48006746688356,44.650046217619,16.4192534730006
72,3,"Cumulative","Smooth",40,1.4965547672816,44.7131915945229,16.847797208906
72,4,"Cumulative","Smooth",40,0.941615884018687,44.7284375850844,16.7597232811618
73,1,"Best","Rough",20,1.158112732684,43.938573480838,15.6360769045014
73,2,"Best","Rough",20,1.18937084363929,44.7889759696659,16.2083829445773
73,3,"Best","Rough",20,1.05019726231426,56.4514449190742,15.6195538331699
73,4,"Best","Rough",20,1.02381572186757,1.39810221175329,0.491668632891637
73,1,"Best","Rough",40,1.06313552602044,38.4786922369836,15.9107411950034
73,2,"Best","Rough",40,0.467429465418888,73.0996323731097,17.715814535837
73,3,"Best","Rough",40,1.09150089262998,44.7211710295434,17.2339292375675
73,4,"Best","Rough",40,1.12405953724886,44.7201469845587,17.0333677440304
74,1,"Best","Rough",20,0.00673796867104894,0.116251275551142,0.0935705023904784
74,2,"Best","Rough",20,0.00673799237366953,0.115798983302849,0.0927924748802987
74,3,"Best","Rough",20,0.00673809203737622,0.177883814795484,0.166810487024892
74,4,"Best","Rough",20,0.00673803914207116,0.090337976876784,0.0894502397905366
74,1,"Best","Rough",40,0.00673810421002379,0.157624788948129,0.116897717946223
74,2,"Best","Rough",40,0.00673815358297686,0.161078701702751,0.118590729096043
74,3,"Best","Rough",40,0.00673849338427859,0.294427694771037,0.196622497000482
74,4,"Best","Rough",40,0.00673817530472837,0.198606235207958,0.134664160053244
75,1,"Best","Smooth",20,0.00673872933968488,44.7434001255871,16.2841016561306
75,2,"Best","Smooth",20,0.00674924450270023,44.736311636661,15.4173136399554
75,3,"Best","Smooth",20,0.00677718788963894,44.7368170266603,14.8058423365236
75,4,"Best","Smooth",20,0.00674582025730809,44.6636768454249,16.5903218930375
75,1,"Best","Smooth",40,0.0068550440800503,44.6919479242746,16.4722582994974
75,2,"Best","Smooth",40,0.00676092835423127,44.7559859978578,16.3461481204696
75,3,"Best","Smooth",40,0.00681060258170734,43.5795406403787,15.1316802851835
75,4,"Best","Smooth",40,0.00673949478690428,44.5620669679619,16.1443594358563
76,1,"Best","Smooth",20,0.293708185369837,0.217741555793873,0.0841073233247244
76,2,"Best","Smooth",20,0.370781238223399,0.706719567743371,0.306284949784615
76,3,"Best","Smooth",20,0.258820650343619,0.323110852276683,0.164584824072388
76,4,"Best","Smooth",20,0.750548264098697,0.40206654897131,0.190828225045381
76,1,"Best","Smooth",40,0.714548517435677,45.5507592901267,23.3992261104517
76,2,"Best","Smooth",40,0.779790445588041,44.5858752290332,23.3988939457245
76,3,"Best","Smooth",40,0.00673842524512766,26.8547706698404,13.2603720079079
76,4,"Best","Smooth",40,0.29983970229828,44.7471750323837,24.0268260703951
77,1,"Cumulative","Smooth",20,4.86661318192719,0.0154439425798026,0.0132199303895088
77,2,"Cumulative","Smooth",20,11.5521113565843,0.0110645162949724,0.00673807435220276
77,3,"Cumulative","Smooth",20,11.1067804743724,0.00959397921208779,0.00673849004917134
77,4,"Cumulative","Smooth",20,10.6012350925392,0.00955261472869158,0.00673896632127822
77,1,"Cumulative","Smooth",40,13.3310497908962,0.00983739875455332,0.00673811056006995
77,2,"Cumulative","Smooth",40,6.01690311093519,0.0525817530525858,0.0334797974312874
77,3,"Cumulative","Smooth",40,6.49564783528018,0.0481947222960246,0.032770922228709
77,4,"Cumulative","Smooth",40,6.74736797986854,0.0529930652740761,0.0327547592117214
78,1,"Best","Smooth",20,0.00673922068399922,44.6103781494718,23.8400320701293
78,2,"Best","Smooth",20,0.00674223642192821,44.1329424584204,21.4548093682575
78,3,"Best","Smooth",20,0.00673820990395185,44.7180691007955,26.5453526019203
78,4,"Best","Smooth",20,0.00676126016317427,44.7333467329651,25.4616955259413
78,1,"Best","Smooth",40,0.0067446931065262,44.8999929671448,21.1152977407119
78,2,"Best","Smooth",40,0.00675525396505367,44.4328439840724,22.374859676323
78,3,"Best","Smooth",40,0.00675597510428852,44.6458146739096,19.3602958896887
78,4,"Best","Smooth",40,0.00674302127378354,44.6819423948775,21.5991838564068
79,1,"Cumulative","Smooth",20,14.2955138020538,0.0127538177878509,0.00673924135742477
79,2,"Cumulative","Smooth",20,13.8114818130713,0.0164404605883022,0.00673805507276087
79,3,"Cumulative","Smooth",20,14.8972147693536,0.0127967809687072,0.00673796504527357
79,4,"Cumulative","Smooth",20,14.998231841424,0.0134657797190265,0.00673988933772071
79,1,"Cumulative","Smooth",40,11.3281365217556,0.00917728029615069,0.00786655953137704
79,2,"Cumulative","Smooth",40,12.5571489336564,0.00811768467601596,0.00673916023662613
79,3,"Cumulative","Smooth",40,8.177777553509,0.0194048232040101,0.0147289967972303
79,4,"Cumulative","Smooth",40,14.4931523908858,0.0106732360267777,0.00674264570075728
80,1,"Cumulative","Smooth",20,1.20279169608602,0.652048091369082,0.288061847364752
80,2,"Cumulative","Smooth",20,0.645051430724821,0.529479215662998,0.234253553850463
80,3,"Cumulative","Smooth",20,0.967670555177876,69.2893721556391,18.1018189359688
80,4,"Cumulative","Smooth",20,1.21405760083709,0.965907752760365,0.391626820004089
80,1,"Cumulative","Smooth",40,2.20711658246775,44.6908764438097,19.0528402051721
80,2,"Cumulative","Smooth",40,2.0633877866784,44.6913661395456,18.4221191866474
80,3,"Cumulative","Smooth",40,2.26958683734265,44.7187628618189,18.4015157501424
80,4,"Cumulative","Smooth",40,0.572850898996614,73.8210170462355,18.9446398501454
