"participant","leaveoutindex","reward","environment","horizon","lambda","beta","tau"
1,1,"Cumulative","Rough",20,0.826227617490667,0.429777361373842,0.11002725128833
1,2,"Cumulative","Rough",20,2.65941734006568,0.853598863660567,0.116126488271779
1,3,"Cumulative","Rough",20,0.840083474879266,0.56127349916623,0.130460008538863
1,4,"Cumulative","Rough",20,0.887173337661459,0.476294893602292,0.127406182525979
1,1,"Cumulative","Rough",40,0.724187194805518,0.45969337338402,0.105333161041498
1,2,"Cumulative","Rough",40,0.823171783909887,0.495705561703978,0.106771608089534
1,3,"Cumulative","Rough",40,0.78267677971127,0.504666701904082,0.0999890101971186
1,4,"Cumulative","Rough",40,0.753108550038335,0.49171023204084,0.108253439927761
2,1,"Cumulative","Rough",20,2.00061473848599,0.755598786903358,0.0892003371367936
2,2,"Cumulative","Rough",20,0.936348368109612,0.396827168985773,0.0780053656766295
2,3,"Cumulative","Rough",20,1.04099304669608,0.475949532708096,0.0845013666102941
2,4,"Cumulative","Rough",20,0.898168395826692,0.425592485981816,0.0839114421006207
2,1,"Cumulative","Rough",40,0.969073673777639,0.568144801563253,0.108521566571762
2,2,"Cumulative","Rough",40,0.904907843916358,0.52626622705553,0.0947465462163239
2,3,"Cumulative","Rough",40,1.11617871861797,0.651011540095678,0.102283197105586
2,4,"Cumulative","Rough",40,0.927728332898347,0.518199125383624,0.091468349084847
3,1,"Cumulative","Smooth",20,0.668991617520448,0.222037120004245,0.0377312085575926
3,2,"Cumulative","Smooth",20,0.512919832724165,0.21267686433287,0.0416286464071135
3,3,"Cumulative","Smooth",20,0.677957379829557,0.219117073291716,0.0557073457049516
3,4,"Cumulative","Smooth",20,0.738660285047926,0.259591790819981,0.0540120426958202
3,1,"Cumulative","Smooth",40,1.82142849514625,0.0296136874808154,0.0330995597607962
3,2,"Cumulative","Smooth",40,3.72043218502137,0.0067379614255361,0.0226567630202504
3,3,"Cumulative","Smooth",40,3.39071856585626,0.00673794869099037,0.0429934352019163
3,4,"Cumulative","Smooth",40,1.14042298764336,0.236641353112633,0.0401123572494342
4,1,"Cumulative","Smooth",20,1.03033130423294,0.312655368238045,0.058439654287615
4,2,"Cumulative","Smooth",20,0.952632729969616,0.332934521925406,0.0693438883849172
4,3,"Cumulative","Smooth",20,0.874955437958939,0.455247307204453,0.0785364587007381
4,4,"Cumulative","Smooth",20,1.18554953811723,0.353794001004712,0.0674010869847306
4,1,"Cumulative","Smooth",40,1.34851816184538,0.201577234948901,0.0424921333875281
4,2,"Cumulative","Smooth",40,0.930876762023603,0.307170079658656,0.0566451740443368
4,3,"Cumulative","Smooth",40,0.869609781265117,0.285183716632099,0.0565856127648875
4,4,"Cumulative","Smooth",40,0.849700402138607,0.380821498902369,0.0502566294549508
5,1,"Best","Rough",20,0.581965441596036,0.00673794701433304,0.0270619229995543
5,2,"Best","Rough",20,0.0201955078814381,0.0879666986429339,0.0330603893459692
5,3,"Best","Rough",20,0.13344591063226,0.0602759670968504,0.0227485323583741
5,4,"Best","Rough",20,0.133788849655608,0.0552749683800126,0.0247362693073618
5,1,"Best","Rough",40,0.927667833753529,0.00673794704758844,0.0218010449308488
5,2,"Best","Rough",40,1.03818360638763,0.00673794993851057,0.0241109273007202
5,3,"Best","Rough",40,0.710679343247989,0.0854770472912933,0.0332276297366099
5,4,"Best","Rough",40,1.18541390456011,0.00673794867490884,0.022087489776906
6,1,"Best","Rough",20,0.40462467427421,0.34376801930278,0.0620495339488968
6,2,"Best","Rough",20,0.493041850665697,0.295975634069312,0.0621266539021751
6,3,"Best","Rough",20,0.541956904294205,0.289437699514121,0.0680213734583825
6,4,"Best","Rough",20,0.525223200377045,0.430990499894501,0.0933563146586192
6,1,"Best","Rough",40,0.393690590804057,0.255755117353893,0.0529165590520337
6,2,"Best","Rough",40,0.40626774959273,0.235712935596137,0.0555248686888688
6,3,"Best","Rough",40,0.35267976613286,0.196438625586523,0.0547444840036866
6,4,"Best","Rough",40,0.426939268076559,0.435677247613939,0.107258473140251
7,1,"Best","Smooth",20,1.25050063708265,0.49929506582745,0.111826257007693
7,2,"Best","Smooth",20,1.30245693643361,0.520287538256967,0.102598720554321
7,3,"Best","Smooth",20,1.0635625611564,0.428961400444728,0.100701114328902
7,4,"Best","Smooth",20,0.918021628733637,0.524914968077283,0.118376523852553
7,1,"Best","Smooth",40,0.828340004516644,0.585652326440324,0.132719040226256
7,2,"Best","Smooth",40,0.845208617586282,0.533207812613948,0.129025562378864
7,3,"Best","Smooth",40,0.805266774559373,0.552235001593249,0.129788833774831
7,4,"Best","Smooth",40,0.810463082883658,0.51169306578319,0.119636188574303
8,1,"Best","Smooth",20,1.17735800343622,0.404941737485969,0.0983792261399441
8,2,"Best","Smooth",20,1.06043820290854,0.418524812493025,0.0979890232943137
8,3,"Best","Smooth",20,1.36726559023116,0.453530651764247,0.0950399806013555
8,4,"Best","Smooth",20,1.16177068653201,0.463107045271431,0.102946443827145
8,1,"Best","Smooth",40,1.25277856755391,0.702515083310082,0.126611177726422
8,2,"Best","Smooth",40,1.0258592985071,0.609639655031096,0.127084899444081
8,3,"Best","Smooth",40,1.21239819587647,0.665256161746115,0.114863386069634
8,4,"Best","Smooth",40,1.10121056092962,0.688715610882556,0.126886266937543
9,1,"Cumulative","Rough",20,0.710068686946516,0.126616366474584,0.0116349216286036
9,2,"Cumulative","Rough",20,0.512264153898304,0.182013417334279,0.0288224441986168
9,3,"Cumulative","Rough",20,0.557401871254438,0.170302178657024,0.0262991911990384
9,4,"Cumulative","Rough",20,0.569119484568458,0.166107900085035,0.0282067502773903
9,1,"Cumulative","Rough",40,0.504021765854292,0.204430964990593,0.0419441655726497
9,2,"Cumulative","Rough",40,0.421809503433322,0.253966215123008,0.0384532874129399
9,3,"Cumulative","Rough",40,0.644331015789911,0.228677015834973,0.0394471033140912
9,4,"Cumulative","Rough",40,0.484735659877248,0.210622785097304,0.0419534161823346
10,1,"Cumulative","Rough",20,0.78503299227789,0.230177919422928,0.0532676448452395
10,2,"Cumulative","Rough",20,0.660657586653342,0.237187329300591,0.0501535286293698
10,3,"Cumulative","Rough",20,0.707916236723702,0.332767890480051,0.0638526327753153
10,4,"Cumulative","Rough",20,0.653210483619876,0.332794478000578,0.0596894030073787
10,1,"Cumulative","Rough",40,0.640002959754303,0.211323631048756,0.0515928918218598
10,2,"Cumulative","Rough",40,0.606946725243341,0.202268689229857,0.0505120343650039
10,3,"Cumulative","Rough",40,0.614779307744062,0.295333294876354,0.0603476737771712
10,4,"Cumulative","Rough",40,0.679043084168283,0.283038801000428,0.0643051664282223
11,1,"Cumulative","Smooth",20,0.843485408028003,0.443671614639448,0.0868661585917619
11,2,"Cumulative","Smooth",20,0.821810043492589,0.455586628851498,0.0886657602844255
11,3,"Cumulative","Smooth",20,0.789872901454265,0.439116966627723,0.0781650214211446
11,4,"Cumulative","Smooth",20,0.830582306576622,0.486359337480041,0.0863777054466207
11,1,"Cumulative","Smooth",40,0.674606288182631,0.471658525659097,0.084382601186462
11,2,"Cumulative","Smooth",40,0.773400564164138,0.449402212633333,0.0887755705107234
11,3,"Cumulative","Smooth",40,0.699801440596617,0.528288044063041,0.0962303780967528
11,4,"Cumulative","Smooth",40,0.740388982762883,0.43337204543272,0.0776528203666097
12,1,"Cumulative","Smooth",20,1.04308380045917,0.488505458293448,0.0938270635371065
12,2,"Cumulative","Smooth",20,13.0247265619456,5.50521075980473,0.0826587600660233
12,3,"Cumulative","Smooth",20,1.02862674289253,0.438637069004226,0.0898523671944093
12,4,"Cumulative","Smooth",20,1.02691329269184,0.433386871039287,0.0898699330954923
12,1,"Cumulative","Smooth",40,0.814195384550721,0.420846815935237,0.0890965228063537
12,2,"Cumulative","Smooth",40,0.821576926573795,0.392009916994444,0.0887937047898183
12,3,"Cumulative","Smooth",40,0.850831030305368,0.425737764185911,0.0921428376751704
12,4,"Cumulative","Smooth",40,0.833592123125739,0.441323190488223,0.0911988826453261
13,1,"Best","Rough",20,0.806289909436751,0.425558490453729,0.0605077141590573
13,2,"Best","Rough",20,0.780934706066314,0.377512451079573,0.0546177404962399
13,3,"Best","Rough",20,0.79988077882039,0.416148395319973,0.0594221349765728
13,4,"Best","Rough",20,0.822092090013741,0.420110102544083,0.0635134186755544
13,1,"Best","Rough",40,0.781990930567496,0.499675084086812,0.0859736858211481
13,2,"Best","Rough",40,0.72640438580018,0.533576865754776,0.0923159322367436
13,3,"Best","Rough",40,0.756490172004262,0.494792627243687,0.0860197328734721
13,4,"Best","Rough",40,0.806316616403741,0.510677330951825,0.0907974758161152
14,1,"Best","Rough",20,0.786033616199303,0.476865838830605,0.0926527442437812
14,2,"Best","Rough",20,0.823226957874298,0.491901889202152,0.0879089198391513
14,3,"Best","Rough",20,0.797123110158243,0.465477031213923,0.0901884872960741
14,4,"Best","Rough",20,0.856517742351681,0.495429163641909,0.0952683157218333
14,1,"Best","Rough",40,0.714608509769728,0.458150138091076,0.0866581539673797
14,2,"Best","Rough",40,0.671341491982292,0.444940185939644,0.0816419864769436
14,3,"Best","Rough",40,0.697897882996764,0.452874478029184,0.0784590376725225
14,4,"Best","Rough",40,0.675571799045705,0.45717171720336,0.080583877402374
15,1,"Best","Smooth",20,1.16948706882994,0.463006015872789,0.115420311589518
15,2,"Best","Smooth",20,0.806689803208291,0.516707040055646,0.129234698466214
15,3,"Best","Smooth",20,0.732979142511161,0.623581782216057,0.141435793977211
15,4,"Best","Smooth",20,0.757291424533135,0.47357686490108,0.126543075336069
15,1,"Best","Smooth",40,0.760067341613287,0.451772411458687,0.100409095380316
15,2,"Best","Smooth",40,0.685225314713814,0.495539772064796,0.108672670441825
15,3,"Best","Smooth",40,0.704431427745161,0.51294655781641,0.113679656167133
15,4,"Best","Smooth",40,0.65035299693258,0.561020820924695,0.112951615137887
16,1,"Best","Smooth",20,0.702899440784625,0.556913303410104,0.0885799194484774
16,2,"Best","Smooth",20,0.166345911172695,148.219437576632,16.7311725219864
16,3,"Best","Smooth",20,0.672169762340806,0.571230307919415,0.0928883333600438
16,4,"Best","Smooth",20,0.680541269662085,0.510767136617898,0.0776446995073149
16,1,"Best","Smooth",40,0.661845679966898,0.521633633916906,0.0707397371624546
16,2,"Best","Smooth",40,0.68755563919053,0.503737809096172,0.0736692264264482
16,3,"Best","Smooth",40,0.738890857964979,0.505213453710994,0.0708984940256596
16,4,"Best","Smooth",40,0.723563293652924,0.448298212939105,0.0621414203040019
17,1,"Cumulative","Rough",20,0.652315093207446,0.563002219593479,0.0959240208555135
17,2,"Cumulative","Rough",20,0.669669879079295,0.64438769333163,0.109957838856332
17,3,"Cumulative","Rough",20,0.826370621863176,0.609560251540273,0.0997564654122763
17,4,"Cumulative","Rough",20,0.723675383878035,0.612217820627092,0.0949186288814509
17,1,"Cumulative","Rough",40,0.490030240263051,0.695817257531851,0.126826954421271
17,2,"Cumulative","Rough",40,0.536586809868625,0.644408442690617,0.103346918941724
17,3,"Cumulative","Rough",40,0.515108976597984,0.654295275711507,0.116947154531698
17,4,"Cumulative","Rough",40,0.0102430827880513,147.904808668324,18.8059063373597
18,1,"Cumulative","Rough",20,0.745985600407562,0.215040023629827,0.0594817865885564
18,2,"Cumulative","Rough",20,0.563246878181854,0.16975164730156,0.0522408149944265
18,3,"Cumulative","Rough",20,0.545862635461771,0.168726400635068,0.0506568921206056
18,4,"Cumulative","Rough",20,0.549098014205929,0.137877786823103,0.0526855775566742
18,1,"Cumulative","Rough",40,1.1850829961291,0.0756329535642585,0.0365152988684281
18,2,"Cumulative","Rough",40,1.67579477961332,0.0305686641321631,0.0342120267987074
18,3,"Cumulative","Rough",40,1.69078789323283,0.0662111429082887,0.0311549415257155
18,4,"Cumulative","Rough",40,1.36290312393518,0.0446798408446835,0.0364106050129686
19,1,"Cumulative","Smooth",20,1.04817439360964,0.495979419159299,0.0914938425407399
19,2,"Cumulative","Smooth",20,1.1665000695683,0.557491727069818,0.0809075587295351
19,3,"Cumulative","Smooth",20,0.959024080594334,0.517320585338138,0.0946263102456576
19,4,"Cumulative","Smooth",20,1.05593558448432,0.528599752057265,0.0897042079800467
19,1,"Cumulative","Smooth",40,0.812023674221308,0.503515835891289,0.098850712453503
19,2,"Cumulative","Smooth",40,0.852330547979115,0.521738450418071,0.103592548156291
19,3,"Cumulative","Smooth",40,0.874070765157018,0.499094786612792,0.0940802364673507
19,4,"Cumulative","Smooth",40,0.858561507543275,0.493689014877632,0.10030552066678
20,1,"Cumulative","Smooth",20,0.643707445398154,0.495339637350359,0.0745246308859173
20,2,"Cumulative","Smooth",20,0.665982410922665,0.511411757340362,0.079340061672854
20,3,"Cumulative","Smooth",20,0.683557142522297,0.520433033437189,0.0792041078798744
20,4,"Cumulative","Smooth",20,0.612277891111008,0.579474890659813,0.0916795543166205
20,1,"Cumulative","Smooth",40,0.66750957352751,0.505320694769323,0.0805724997308836
20,2,"Cumulative","Smooth",40,0.623207838215313,0.579776073495497,0.10162055334647
20,3,"Cumulative","Smooth",40,0.624402701531655,0.544167718434144,0.0961312809837657
20,4,"Cumulative","Smooth",40,0.677575071661974,0.539301316248711,0.09607430772668
21,1,"Best","Rough",20,0.880217421963463,0.464143331311072,0.100844106341461
21,2,"Best","Rough",20,1.41392459168279,0.448196900141556,0.0880307301186788
21,3,"Best","Rough",20,0.941997626118175,0.418278368583105,0.0972372359735591
21,4,"Best","Rough",20,1.03139578384738,0.456459342157777,0.0907576832692414
21,1,"Best","Rough",40,0.875734923480064,0.474664946433763,0.0892503569431171
21,2,"Best","Rough",40,0.837702886994087,0.483063441708025,0.0854139414291926
21,3,"Best","Rough",40,0.827792881135221,0.441128488694654,0.0786395225101831
21,4,"Best","Rough",40,0.794179024475727,0.453166620912688,0.0785343247327032
22,1,"Best","Rough",20,1.13250637533323,0.420543186743946,0.0848498493406809
22,2,"Best","Rough",20,1.23295991706391,0.470726897237119,0.093775471311005
22,3,"Best","Rough",20,1.77453817935532,0.764221981571949,0.0945741311249158
22,4,"Best","Rough",20,1.44479565917615,0.44095279008049,0.088695330845406
22,1,"Best","Rough",40,1.11445137348277,0.726204777877553,0.108374942323637
22,2,"Best","Rough",40,1.01676139428965,0.641238262890553,0.104029932259228
22,3,"Best","Rough",40,0.921240998851428,0.702625014738143,0.11557706332866
22,4,"Best","Rough",40,0.977142929137519,0.738579610747944,0.118744270321136
23,1,"Best","Smooth",20,4.54598460323595,1.72662382554173,0.0875328709446005
23,2,"Best","Smooth",20,1.8493997160315,0.390308357561839,0.0752200082943148
23,3,"Best","Smooth",20,1.82853170064877,0.278231165815522,0.0658693600263729
23,4,"Best","Smooth",20,2.62953773195541,0.62312343557352,0.0791557051888436
23,1,"Best","Smooth",40,1.11859769406072,0.255538589239622,0.0620340484085092
23,2,"Best","Smooth",40,2.7446825554023,0.602052249643312,0.0652497198368869
23,3,"Best","Smooth",40,1.59693549957648,0.277302133890397,0.0606248563855185
23,4,"Best","Smooth",40,3.01287563598132,0.853751903559564,0.0621552973500428
24,1,"Best","Smooth",20,0.624613462820705,0.369785594944215,0.088194430879628
24,2,"Best","Smooth",20,0.544136335145684,0.359542794920756,0.0880366272442149
24,3,"Best","Smooth",20,0.682088986407389,0.349006969654602,0.0893070008585424
24,4,"Best","Smooth",20,0.532747075059532,0.316180319213568,0.0797056645178548
24,1,"Best","Smooth",40,148.412999804514,116.367181771962,0.383113164842575
24,2,"Best","Smooth",40,0.527172278286486,0.434485001683171,0.118679736995919
24,3,"Best","Smooth",40,0.498294598259423,0.409151877621418,0.110566778794493
24,4,"Best","Smooth",40,0.477187787429552,0.398045200801159,0.109467456493493
25,1,"Cumulative","Rough",20,0.750578194298118,0.449896276274859,0.0799097923618162
25,2,"Cumulative","Rough",20,0.661076237860298,0.497868315887935,0.0877244671095844
25,3,"Cumulative","Rough",20,0.72435923745558,0.449616256140958,0.0707103909159047
25,4,"Cumulative","Rough",20,0.666564224626287,0.41905351836651,0.0739550690327888
25,1,"Cumulative","Rough",40,0.667166972060651,0.554676994803698,0.0915390521370874
25,2,"Cumulative","Rough",40,0.764688208104048,0.573366508066831,0.0980865787442865
25,3,"Cumulative","Rough",40,0.658443792746799,0.612267155708672,0.104091418732163
25,4,"Cumulative","Rough",40,0.723104788531999,0.578545912446384,0.0919591368399495
26,1,"Cumulative","Rough",20,0.832950550021969,0.504082288562875,0.0759728820254965
26,2,"Cumulative","Rough",20,0.756977167077854,0.474994451548544,0.072248190315235
26,3,"Cumulative","Rough",20,0.773300605013298,0.36301577327108,0.0533934511967159
26,4,"Cumulative","Rough",20,0.779746830612691,0.480481866141109,0.0741525253726849
26,1,"Cumulative","Rough",40,0.710604623847023,0.369737306691407,0.0568435483574655
26,2,"Cumulative","Rough",40,0.753872881376273,0.471311811189827,0.0775463214622812
26,3,"Cumulative","Rough",40,0.729473108230608,0.478966317789084,0.0732332149544233
26,4,"Cumulative","Rough",40,0.77188050802656,0.479842377755581,0.0760318602526663
27,1,"Cumulative","Smooth",20,147.255432158468,123.097741690373,0.287794007623165
27,2,"Cumulative","Smooth",20,1.0439133530262,0.36565316724144,0.0632658918716856
27,3,"Cumulative","Smooth",20,0.782683514263538,0.351041727894078,0.0666561094517905
27,4,"Cumulative","Smooth",20,0.754947203419683,0.390033491757527,0.0624159042372916
27,1,"Cumulative","Smooth",40,0.871420146467209,0.330722282783738,0.0564277644439624
27,2,"Cumulative","Smooth",40,0.813987083677498,0.354989374007498,0.0649683580545986
27,3,"Cumulative","Smooth",40,0.929487467467165,0.358928669359891,0.0595507466960047
27,4,"Cumulative","Smooth",40,0.779022009548782,0.344719790182842,0.0609318514470909
28,1,"Cumulative","Smooth",20,0.309616709822621,99.9229426170838,17.7881852868298
28,2,"Cumulative","Smooth",20,0.789593725400307,0.595993227063866,0.120491478083464
28,3,"Cumulative","Smooth",20,0.710887115493095,0.656983610925177,0.125744067349778
28,4,"Cumulative","Smooth",20,0.709199798296869,0.710595930446868,0.141016741691874
28,1,"Cumulative","Smooth",40,0.310354159970414,99.9769204333527,18.3510961442729
28,2,"Cumulative","Smooth",40,0.828247905136778,0.552922439098238,0.10263286059999
28,3,"Cumulative","Smooth",40,0.315428863084071,99.5099123140705,19.9506457220699
28,4,"Cumulative","Smooth",40,0.752635671657952,0.558385276189392,0.103125040247952
29,1,"Best","Rough",20,0.651127997515391,0.485980707524745,0.0751810776252675
29,2,"Best","Rough",20,0.603685613256508,0.51273050726151,0.0818093601553783
29,3,"Best","Rough",20,0.657024726383524,0.431530782473585,0.0680412927623552
29,4,"Best","Rough",20,0.650728612565065,0.504831882908008,0.0807393960001453
29,1,"Best","Rough",40,0.569975506029164,0.534395850308387,0.09307745646022
29,2,"Best","Rough",40,0.590526117334997,0.521566323572191,0.0869353022977645
29,3,"Best","Rough",40,0.554508988218196,0.523734833524489,0.0936180875908211
29,4,"Best","Rough",40,0.611137754379432,0.431558257033543,0.0764128747336043
30,1,"Best","Rough",20,0.712402615421193,0.424272712647576,0.0663437539868506
30,2,"Best","Rough",20,0.764186064963956,0.363037115383391,0.0624460778085327
30,3,"Best","Rough",20,0.78415510185328,0.398053232827019,0.0687114675209013
30,4,"Best","Rough",20,0.815796097135501,0.355011264697487,0.0523961364858048
30,1,"Best","Rough",40,0.753231973414376,0.530748848520595,0.0932309246700409
30,2,"Best","Rough",40,0.871282895117242,0.586462839428018,0.0925567230812717
30,3,"Best","Rough",40,0.79245575649875,0.510942456866347,0.0901813331137439
30,4,"Best","Rough",40,0.828210503516478,0.554992890213635,0.091969286419797
31,1,"Best","Smooth",20,1.0491400958324,0.466744080676746,0.112311122597916
31,2,"Best","Smooth",20,0.791722449141797,0.494803874719572,0.108536183423394
31,3,"Best","Smooth",20,0.888024887880308,0.472788244852345,0.104442148405215
31,4,"Best","Smooth",20,0.96048781563236,0.481465821506343,0.108493578394658
31,1,"Best","Smooth",40,0.955747862187757,0.502499718751036,0.0933875821747734
31,2,"Best","Smooth",40,0.899950503053618,0.523069565957782,0.101743139811975
31,3,"Best","Smooth",40,0.871002052103757,0.493179700436952,0.100236613604652
31,4,"Best","Smooth",40,0.937843181770332,0.479108057813744,0.0944147852727267
32,1,"Best","Smooth",20,0.882011110090225,0.496251277512867,0.0855932593736552
32,2,"Best","Smooth",20,0.767952349996379,0.568062007209115,0.0907851659663543
32,3,"Best","Smooth",20,0.846234901327828,0.603407213667213,0.0951257828767051
32,4,"Best","Smooth",20,0.814589796588776,0.473485796721524,0.0691864185043614
32,1,"Best","Smooth",40,0.748374942028943,0.694425675122666,0.132705809495605
32,2,"Best","Smooth",40,0.803703488258003,0.644628088790244,0.116236425822751
32,3,"Best","Smooth",40,0.786700172604139,0.710728120351046,0.131310279337094
32,4,"Best","Smooth",40,0.774602220489275,0.684670693395897,0.124296606025961
33,1,"Cumulative","Rough",20,0.540871762525764,0.58378520795649,0.0896608641668723
33,2,"Cumulative","Rough",20,0.556783436808512,0.556634587139331,0.0895081975618353
33,3,"Cumulative","Rough",20,0.56980427881981,0.499510013914417,0.0757881479722584
33,4,"Cumulative","Rough",20,0.553087615550383,0.685450630943318,0.106189895775978
33,1,"Cumulative","Rough",40,0.644894633503212,0.516453034503272,0.0760898074642484
33,2,"Cumulative","Rough",40,0.607616561444972,0.536133429142841,0.0802882964086772
33,3,"Cumulative","Rough",40,0.638250116132873,0.548700537417873,0.0816343734345397
33,4,"Cumulative","Rough",40,0.625628594921199,0.555495851897097,0.0861228101121564
34,1,"Cumulative","Smooth",20,0.65321368584099,0.598917887590338,0.0832665984033449
34,2,"Cumulative","Smooth",20,0.702447111041773,0.607168339848554,0.0946746445319316
34,3,"Cumulative","Smooth",20,0.707240112913684,0.568411664668356,0.0808356585547644
34,4,"Cumulative","Smooth",20,0.669370135323957,0.555766555507604,0.0827562009813556
34,1,"Cumulative","Smooth",40,0.627434675552512,0.572809676282618,0.0951596924133837
34,2,"Cumulative","Smooth",40,0.595100141755937,0.595829627806327,0.0953443167150389
34,3,"Cumulative","Smooth",40,0.297831025684141,98.6206511629317,16.3164381065344
34,4,"Cumulative","Smooth",40,0.298796628370901,99.7423287900051,16.8124259716904
35,1,"Cumulative","Smooth",20,0.798429442412727,0.463673792127379,0.0817502211672368
35,2,"Cumulative","Smooth",20,0.704891793457468,0.501990653382821,0.0900247359903739
35,3,"Cumulative","Smooth",20,0.797171714477739,0.44839380893682,0.0917550407438415
35,4,"Cumulative","Smooth",20,0.802021417509925,0.490971554481913,0.091705341064766
35,1,"Cumulative","Smooth",40,0.650010806780779,0.531890918206545,0.0944306014405156
35,2,"Cumulative","Smooth",40,0.634151843387298,0.580480606184578,0.104697739623393
35,3,"Cumulative","Smooth",40,0.733907287802985,0.488811370235547,0.0888168893774177
35,4,"Cumulative","Smooth",40,0.691135034728293,0.505381665148621,0.0843900027398988
36,1,"Best","Rough",20,0.966417814893117,0.45136368285093,0.0973380690676245
36,2,"Best","Rough",20,1.02014385217271,0.415766096872641,0.0790318052733239
36,3,"Best","Rough",20,1.1065720058718,0.434984838392684,0.0969252734297627
36,4,"Best","Rough",20,0.911277787592271,0.45079241695318,0.0921838434171173
36,1,"Best","Rough",40,0.913660558800397,0.484091616221471,0.0922096779940007
36,2,"Best","Rough",40,0.836642004326536,0.477609224790664,0.0968861771999231
36,3,"Best","Rough",40,0.95562228486349,0.499236340534933,0.0963741891781502
36,4,"Best","Rough",40,0.949348377139453,0.470774230852765,0.0953003896862287
37,1,"Best","Rough",20,0.542785318533757,0.180685579266926,0.0343154753196842
37,2,"Best","Rough",20,0.604057671905979,0.15423597601327,0.0338205788566714
37,3,"Best","Rough",20,147.654010780706,57.9848721698753,0.115400183764252
37,4,"Best","Rough",20,0.466079049471443,0.145114848117568,0.0290776939342086
37,1,"Best","Rough",40,0.32286794660745,0.128903926938994,0.0242929490872939
37,2,"Best","Rough",40,0.393143325838167,0.174772818190333,0.0289286702985492
37,3,"Best","Rough",40,0.488762148935537,0.16148891004481,0.02799933280615
37,4,"Best","Rough",40,0.353328651002754,0.135613892310427,0.0253848327779508
38,1,"Best","Smooth",20,0.598659514506767,0.508827553109721,0.0844021744474139
38,2,"Best","Smooth",20,0.701015520824098,0.459834446544251,0.0815934885191954
38,3,"Best","Smooth",20,0.587042355131352,0.51342755419593,0.0885063796437389
38,4,"Best","Smooth",20,0.600076606548166,0.512051732178847,0.0932238573020313
38,1,"Best","Smooth",40,0.773378950000109,0.52152930320587,0.092664676229156
38,2,"Best","Smooth",40,0.713929575315999,0.53289915248131,0.0909804632179102
38,3,"Best","Smooth",40,0.71110359483648,0.452253544785773,0.0782183673677287
38,4,"Best","Smooth",40,0.305590940078005,99.8905380910341,17.4012868428577
39,1,"Best","Smooth",20,0.637974242986963,0.47408592578214,0.0817720762415176
39,2,"Best","Smooth",20,0.674348501154982,0.417374151813527,0.0669522821034887
39,3,"Best","Smooth",20,0.293204161849144,99.9761430059574,16.6501852136944
39,4,"Best","Smooth",20,0.648563753164311,0.535657949738849,0.0950719746839849
39,1,"Best","Smooth",40,0.605123858147672,0.455563074039298,0.0795183842106594
39,2,"Best","Smooth",40,0.605371359223005,0.513239388040132,0.0998195857352358
39,3,"Best","Smooth",40,0.653873625836043,0.476034956553085,0.0892394237308576
39,4,"Best","Smooth",40,0.614091215907817,0.460897461054603,0.0835904237335495
40,1,"Cumulative","Rough",20,0.822520338242884,0.522996134676608,0.0821002011896983
40,2,"Cumulative","Rough",20,0.860139971896354,0.462394775094356,0.0762232266411527
40,3,"Cumulative","Rough",20,0.917160237614411,0.4952642357329,0.0720591562972742
40,4,"Cumulative","Rough",20,0.844104033854963,0.490290483469047,0.0816074213404462
40,1,"Cumulative","Rough",40,0.699978235905327,0.464121391170205,0.0795539322852909
40,2,"Cumulative","Rough",40,0.744415548051471,0.51204998559554,0.0893584290692399
40,3,"Cumulative","Rough",40,0.717104823569498,0.514604862814956,0.0852961475710351
40,4,"Cumulative","Rough",40,0.744493648459334,0.458353601269971,0.0826826174701333
41,1,"Cumulative","Rough",20,0.746606695067829,0.437787493922866,0.0749801432280418
41,2,"Cumulative","Rough",20,0.786390388748168,0.433112210091054,0.0716899297965822
41,3,"Cumulative","Rough",20,0.81749239561182,0.416631596693995,0.0621165138583812
41,4,"Cumulative","Rough",20,0.745313429164131,0.457304736964898,0.0700474326010445
41,1,"Cumulative","Rough",40,0.635891305398394,0.49356881118817,0.0824639747210417
41,2,"Cumulative","Rough",40,0.67892583038518,0.50517594163757,0.0877933585320133
41,3,"Cumulative","Rough",40,0.658130248074323,0.482011498922227,0.0812205638205357
41,4,"Cumulative","Rough",40,0.655684393025521,0.500825563953877,0.0826986182393364
42,1,"Cumulative","Smooth",20,4.46304342964783,0.0472937068693518,0.0694279244793544
42,2,"Cumulative","Smooth",20,3.30712184004312,0.223868628658382,0.0566364351985065
42,3,"Cumulative","Smooth",20,3.90759309447213,0.0101161001290413,0.0625037933299333
42,4,"Cumulative","Smooth",20,4.33653098164085,0.0411086558374001,0.0570924804506628
42,1,"Cumulative","Smooth",40,0.615407138758128,0.237819429948839,0.0626175732064231
42,2,"Cumulative","Smooth",40,3.59632379543643,0.00673794714457823,0.0594643677602094
42,3,"Cumulative","Smooth",40,0.60757683192337,0.233354598056368,0.0534977770453318
42,4,"Cumulative","Smooth",40,1.16210614723422,0.267177547012078,0.0629875768993668
43,1,"Cumulative","Smooth",20,0.793248930202514,0.53938305365143,0.10213828320399
43,2,"Cumulative","Smooth",20,0.719049682074431,0.505033646080143,0.0854244466284689
43,3,"Cumulative","Smooth",20,0.67052847809181,0.581931279146109,0.097605476571919
43,4,"Cumulative","Smooth",20,0.717877188284983,0.57132833466066,0.105332467514493
43,1,"Cumulative","Smooth",40,0.806778624980727,0.489365916464581,0.101295079763138
43,2,"Cumulative","Smooth",40,0.677335002110642,0.568078735151794,0.108296951710085
43,3,"Cumulative","Smooth",40,0.709828842846515,0.634585986537325,0.118182754133489
43,4,"Cumulative","Smooth",40,0.673867140748113,0.60828506779017,0.117773049052185
44,1,"Best","Smooth",20,0.759088929065433,0.527626649315906,0.098954733959506
44,2,"Best","Smooth",20,0.701436130491037,0.603680974961371,0.102694531701664
44,3,"Best","Smooth",20,0.751439673670819,0.559188976105241,0.101048249076795
44,4,"Best","Smooth",20,0.790521699743086,0.540215320068768,0.094691300875342
44,1,"Best","Smooth",40,0.708021833799747,0.537211980838974,0.104617657221485
44,2,"Best","Smooth",40,0.71760253487649,0.562769941880146,0.110017438345894
44,3,"Best","Smooth",40,0.698219823697544,0.529546433613011,0.103729148248938
44,4,"Best","Smooth",40,0.881938485657344,0.501821850914796,0.100192469629242
45,1,"Best","Smooth",20,0.861578155012626,0.684723752390689,0.125926291832444
45,2,"Best","Smooth",20,0.676942304669134,0.830644171096125,0.135682666317363
45,3,"Best","Smooth",20,0.727047298004419,0.961512168946967,0.165549331798026
45,4,"Best","Smooth",20,0.861688036166427,0.808727506055518,0.143746160494358
45,1,"Best","Smooth",40,0.701922955440476,0.52107208077156,0.0946532628361666
45,2,"Best","Smooth",40,0.678295351704561,0.532783759751679,0.101550532954008
45,3,"Best","Smooth",40,0.625272388787352,0.495254417846931,0.111703120934037
45,4,"Best","Smooth",40,0.567918726596948,0.573853215706684,0.106447740671282
46,1,"Cumulative","Rough",20,0.665587323109684,0.266137036676976,0.0595346522527113
46,2,"Cumulative","Rough",20,0.535154675793159,0.224338736953753,0.0400157753308961
46,3,"Cumulative","Rough",20,0.590400431401347,0.248839447987149,0.0468357460157483
46,4,"Cumulative","Rough",20,0.69698768895018,0.491195913925299,0.0764066018530684
46,1,"Cumulative","Rough",40,0.732798901840462,0.526367842633264,0.098631623338142
46,2,"Cumulative","Rough",40,0.753698841266383,0.521097510071549,0.0931916333710072
46,3,"Cumulative","Rough",40,0.766502005625063,0.50339736414188,0.0935930962234165
46,4,"Cumulative","Rough",40,0.780772403199119,0.516845993122182,0.0858049622523364
47,1,"Cumulative","Rough",20,0.586102734230771,0.547218104535416,0.0947939911950123
47,2,"Cumulative","Rough",20,0.681970290137036,0.540513533370513,0.0802247786677988
47,3,"Cumulative","Rough",20,0.638412677015423,0.564150893693102,0.0871076444839926
47,4,"Cumulative","Rough",20,0.795733521569682,0.502891166461952,0.0826135575423768
47,1,"Cumulative","Rough",40,0.29515484663277,99.925510671674,16.6656659712777
47,2,"Cumulative","Rough",40,0.591936741271881,0.573534048750118,0.0848516778627345
47,3,"Cumulative","Rough",40,0.550960512852843,0.62960950597531,0.0970992037725261
47,4,"Cumulative","Rough",40,0.568509429248748,0.603616245776502,0.0900982016635512
48,1,"Cumulative","Smooth",20,0.747910229670998,0.332637848414956,0.0524481318224805
48,2,"Cumulative","Smooth",20,0.825776367122984,0.395991733202246,0.0571016411869491
48,3,"Cumulative","Smooth",20,0.902057000300719,0.392171576495312,0.0669700420892939
48,4,"Cumulative","Smooth",20,0.817431732430809,0.336659232756377,0.061537376718406
48,1,"Cumulative","Smooth",40,0.865677731749571,0.152022242982833,0.0227084068577362
48,2,"Cumulative","Smooth",40,1.5136791368432,0.166205608766624,0.0395330996225487
48,3,"Cumulative","Smooth",40,0.757895657211945,0.213582737831373,0.0399196544774855
48,4,"Cumulative","Smooth",40,0.648256336263593,0.219698275535514,0.0438553005956827
49,1,"Cumulative","Smooth",20,0.80073526802635,0.485826080138794,0.0768834369633055
49,2,"Cumulative","Smooth",20,0.770317418468326,0.511291011322851,0.0669030221799362
49,3,"Cumulative","Smooth",20,0.810084940954211,0.502618623179277,0.0723876525352194
49,4,"Cumulative","Smooth",20,0.852868593316179,0.500901742638021,0.0692471618118022
49,1,"Cumulative","Smooth",40,0.641902609566753,0.56505432128102,0.084550321478722
49,2,"Cumulative","Smooth",40,0.674331864904333,0.527852100366562,0.0837286106224128
49,3,"Cumulative","Smooth",40,0.673117395600366,0.526834408323002,0.0826502520472236
49,4,"Cumulative","Smooth",40,0.714411135032901,0.528357528924136,0.0750838961786972
50,1,"Best","Rough",20,0.723216959622049,0.344962581664101,0.0723351087802855
50,2,"Best","Rough",20,0.748959014581936,0.34101238232811,0.0613245842751078
50,3,"Best","Rough",20,0.778859891689247,0.387988548874617,0.0665811428983068
50,4,"Best","Rough",20,0.761102478867009,0.467380963504952,0.0857636680827962
50,1,"Best","Rough",40,0.737327796413689,0.420335838635934,0.0735326534651165
50,2,"Best","Rough",40,0.76153226703595,0.470340060574774,0.0788036490450549
50,3,"Best","Rough",40,0.733854254675094,0.420779455484308,0.076230146637476
50,4,"Best","Rough",40,0.761750457731074,0.470616040199115,0.081067503811445
51,1,"Best","Rough",20,0.785617565800907,0.510355774195036,0.0929008242795189
51,2,"Best","Rough",20,0.799948407945465,0.553879031129362,0.0952239149834831
51,3,"Best","Rough",20,0.890862498432422,0.553842609208475,0.0910046548475742
51,4,"Best","Rough",20,0.831757535548589,0.523914842841957,0.0903341460338743
51,1,"Best","Rough",40,0.758439346359632,0.563286534902715,0.0867534012534022
51,2,"Best","Rough",40,0.744251295395886,0.575414819992609,0.0890367155991733
51,3,"Best","Rough",40,0.761477453924634,0.570844497988871,0.0884299084394179
51,4,"Best","Rough",40,0.76861498030734,0.567426421852398,0.0834365732495468
52,1,"Best","Smooth",20,0.764675634883438,0.518954470420838,0.0942637202937038
52,2,"Best","Smooth",20,0.670356628318123,0.538019109555985,0.0898095261467841
52,3,"Best","Smooth",20,0.683230362403326,0.633792768111998,0.10527983855359
52,4,"Best","Smooth",20,0.691363005785183,0.606892282778992,0.0947992924006417
52,1,"Best","Smooth",40,0.739588597170585,0.556936157330233,0.11421030648594
52,2,"Best","Smooth",40,0.748158915653468,0.514925437056408,0.0984033194410776
52,3,"Best","Smooth",40,0.704391380869525,0.563167266955938,0.113472549690252
52,4,"Best","Smooth",40,0.74636632589352,0.524400744005636,0.097514497831005
53,1,"Best","Smooth",20,1.04110662271705,0.466770452174067,0.109436478534262
53,2,"Best","Smooth",20,1.06364667274237,0.4581548074729,0.0852325109172527
53,3,"Best","Smooth",20,0.874560775291524,0.485993896754087,0.102110993996491
53,4,"Best","Smooth",20,0.944099762393301,0.514728035847326,0.111899941817416
53,1,"Best","Smooth",40,1.15918700131861,0.582804901962147,0.121925401825428
53,2,"Best","Smooth",40,1.30604289462223,0.630353700368288,0.119333813636987
53,3,"Best","Smooth",40,1.16280338375007,0.550120659580925,0.111841958782333
53,4,"Best","Smooth",40,1.14172314552557,0.578259423024526,0.119864603332963
54,1,"Cumulative","Rough",20,0.776153491030237,0.459151682044462,0.0749091817139119
54,2,"Cumulative","Rough",20,0.784740266937369,0.45669689839061,0.0701557973941238
54,3,"Cumulative","Rough",20,0.768142808064841,0.458147312293469,0.0714095766022189
54,4,"Cumulative","Rough",20,0.767394763712138,0.494260714557897,0.0724977056622286
54,1,"Cumulative","Rough",40,0.72991725526562,0.500106126471801,0.0891149639602743
54,2,"Cumulative","Rough",40,0.665561189317266,0.522358161301458,0.0866742231447818
54,3,"Cumulative","Rough",40,0.708027992636148,0.534342805231194,0.0883102426990298
54,4,"Cumulative","Rough",40,0.700625890573383,0.506689990066279,0.0803257776016823
55,1,"Cumulative","Rough",20,0.739570322605195,0.455995909212721,0.0984934022933939
55,2,"Cumulative","Rough",20,0.760100059207763,0.377431411840225,0.0786572480739341
55,3,"Cumulative","Rough",20,0.312929064784582,94.971527118413,21.0720848798071
55,4,"Cumulative","Rough",20,0.757636987770928,0.499277561485632,0.0973540598989638
55,1,"Cumulative","Rough",40,0.766489394990576,0.439772338591377,0.0905936378448989
55,2,"Cumulative","Rough",40,0.730684237554356,0.45786427072022,0.0949350972193794
55,3,"Cumulative","Rough",40,0.74977363157703,0.424789227701863,0.079427197445082
55,4,"Cumulative","Rough",40,0.768170893328738,0.482057078487537,0.0953243985065068
56,1,"Cumulative","Smooth",20,0.748657550071375,0.452608504770946,0.0983130465893399
56,2,"Cumulative","Smooth",20,0.707317808797851,0.433346910033585,0.0919003954250806
56,3,"Cumulative","Smooth",20,0.730087587978593,0.429243898676189,0.0959726935148906
56,4,"Cumulative","Smooth",20,0.738442518613367,0.469890679646755,0.0922822149737142
56,1,"Cumulative","Smooth",40,0.693111238238341,0.485454456176035,0.0912973176841847
56,2,"Cumulative","Smooth",40,0.633771201513329,0.416314466088548,0.0836460154275485
56,3,"Cumulative","Smooth",40,0.638509835548072,0.467034652785675,0.0913162056544116
56,4,"Cumulative","Smooth",40,0.629870940672276,0.437150381194293,0.0871993954145813
57,1,"Cumulative","Smooth",20,0.958085262030479,0.417628907988466,0.0820675973052338
57,2,"Cumulative","Smooth",20,1.04959972482146,0.346489616362991,0.0784011276764233
57,3,"Cumulative","Smooth",20,0.985793832332204,0.324825462264853,0.0768246063349719
57,4,"Cumulative","Smooth",20,1.2156667010727,0.331381526153243,0.0661862043080505
57,1,"Cumulative","Smooth",40,0.73631733229179,0.462569135339692,0.0909785224141615
57,2,"Cumulative","Smooth",40,0.727819938971185,0.494199699530402,0.0963582325519693
57,3,"Cumulative","Smooth",40,0.769109851499777,0.504307958715694,0.0945349683047184
57,4,"Cumulative","Smooth",40,0.86292457900282,0.463571824483339,0.0916259278223788
58,1,"Best","Rough",20,0.609404712764414,0.538731215101235,0.089752640195606
58,2,"Best","Rough",20,0.618083764142348,0.519682896596125,0.0866151391224909
58,3,"Best","Rough",20,0.626444325039345,0.534675385505161,0.0887466342889877
58,4,"Best","Rough",20,0.609933630742464,0.563484438323915,0.10083896801666
58,1,"Best","Rough",40,0.565557584859638,0.631383575360854,0.107577755610249
58,2,"Best","Rough",40,0.607208391635266,0.553503717333106,0.0934943777447475
58,3,"Best","Rough",40,0.185647377858045,134.761827664318,16.6981533507464
58,4,"Best","Rough",40,0.557047510549326,0.566668056150488,0.0923362333787978
59,1,"Best","Rough",20,1.33013393277378,0.320232033555127,0.0773492402289167
59,2,"Best","Rough",20,1.10311970738487,0.385550763883766,0.0895855828359732
59,3,"Best","Rough",20,1.17321314006257,0.347399600743707,0.073668427449959
59,4,"Best","Rough",20,1.3401021263997,0.383715126148235,0.0723571145614609
59,1,"Best","Rough",40,0.678498822722183,0.29433651985146,0.0615013755570375
59,2,"Best","Rough",40,0.634467298977951,0.3565895320122,0.0657085491648347
59,3,"Best","Rough",40,0.65177574584769,0.323266162969201,0.0585648415703637
59,4,"Best","Rough",40,0.673522091789272,0.297711327293095,0.0564009839897563
60,1,"Best","Smooth",20,0.787758333559403,0.492287041605236,0.104350254469197
60,2,"Best","Smooth",20,0.790176126933277,0.463180172726778,0.0913221933620715
60,3,"Best","Smooth",20,0.781846956662615,0.472117452126236,0.0933633381641619
60,4,"Best","Smooth",20,0.866397879819286,0.464975985778443,0.0913712355471561
60,1,"Best","Smooth",40,0.808661897901489,0.568422396497539,0.114318575026062
60,2,"Best","Smooth",40,0.843681929569283,0.673672089852924,0.136112967626093
60,3,"Best","Smooth",40,0.846714378627076,0.530648905240383,0.106320971944408
60,4,"Best","Smooth",40,0.853024009101734,0.520167070971165,0.112410860768999
61,1,"Best","Smooth",20,0.91110972149325,0.425192931090406,0.104114086617005
61,2,"Best","Smooth",20,0.830738743300387,0.43335194373414,0.0907800014864569
61,3,"Best","Smooth",20,21.855052959659,5.91160564708691,0.084980928878925
61,4,"Best","Smooth",20,0.867672379879454,0.502926997878791,0.11096096543469
61,1,"Best","Smooth",40,0.90015448344332,0.517398202199608,0.10292652758183
61,2,"Best","Smooth",40,0.87067508878517,0.544977755754236,0.114550611500677
61,3,"Best","Smooth",40,0.879489002507904,0.523839925950727,0.0996406695602408
61,4,"Best","Smooth",40,0.890528153032121,0.547099343830194,0.102417770815793
62,1,"Cumulative","Rough",20,0.708888406034686,0.521665989113518,0.0961149709593784
62,2,"Cumulative","Rough",20,0.679220347796558,0.483030410317854,0.0845071288208954
62,3,"Cumulative","Rough",20,0.616188658790586,0.481131978294396,0.0906284772926201
62,4,"Cumulative","Rough",20,0.700250851212473,0.538237066626638,0.095756559772508
62,1,"Cumulative","Rough",40,0.629132255692758,0.561299323546151,0.101404381001681
62,2,"Cumulative","Rough",40,0.634612606686342,0.512096181672476,0.0965742921563597
62,3,"Cumulative","Rough",40,0.655475962656624,0.546154277585034,0.107224637253675
62,4,"Cumulative","Rough",40,0.654961687290832,0.531704762460207,0.0929982056929313
63,1,"Cumulative","Rough",20,0.697436647455208,0.360912893777073,0.0727229972410094
63,2,"Cumulative","Rough",20,0.734225296749392,0.446260315001429,0.0858699573126961
63,3,"Cumulative","Rough",20,0.719547775944559,0.366027928132534,0.0739493802109219
63,4,"Cumulative","Rough",20,0.691127918552291,0.385278119115707,0.0829688681547198
63,1,"Cumulative","Rough",40,0.51514176826324,0.461619406089244,0.0935590799741977
63,2,"Cumulative","Rough",40,142.981915618192,126.446273904823,0.316551154091449
63,3,"Cumulative","Rough",40,0.531155727082457,0.476323695691772,0.0985529114530178
63,4,"Cumulative","Rough",40,0.544052826076189,0.468841759324414,0.0921156553460817
64,1,"Cumulative","Smooth",20,1.8381483529083,0.29651877899555,0.0629234371833433
64,2,"Cumulative","Smooth",20,1.32764967499586,0.280936844680054,0.0661023162147032
64,3,"Cumulative","Smooth",20,1.20925738093926,0.275627487854449,0.0571968221279474
64,4,"Cumulative","Smooth",20,1.07049715835447,0.302074517979852,0.0626464852350114
64,1,"Cumulative","Smooth",40,1.1803785963612,0.137566266781167,0.0588179172106714
64,2,"Cumulative","Smooth",40,0.601465369128769,0.312715690403953,0.0618933897992738
64,3,"Cumulative","Smooth",40,0.721348662496731,0.279230046649443,0.0662408978815242
64,4,"Cumulative","Smooth",40,0.622578284230726,0.30652026526527,0.0668510313359571
65,1,"Best","Rough",20,0.686066347812119,0.352389223334039,0.0718550027593346
65,2,"Best","Rough",20,0.744149374872209,0.439264086521651,0.0874583499575635
65,3,"Best","Rough",20,0.585849661407031,0.27436034364843,0.0607507141088092
65,4,"Best","Rough",20,0.668633504378747,0.386556420134771,0.0803625432871784
65,1,"Best","Rough",40,0.747032059814406,0.536083497855708,0.101661891932678
65,2,"Best","Rough",40,0.726836276761278,0.566084034917446,0.110354356904632
65,3,"Best","Rough",40,0.691432835357407,0.539958558493464,0.106620905499558
65,4,"Best","Rough",40,0.720466495373132,0.574269214800669,0.115092302467886
66,1,"Best","Rough",20,3.19551461434133,0.812178906206949,0.0667541305397369
66,2,"Best","Rough",20,5.58894677016678,1.66377997859593,0.0560497591713673
66,3,"Best","Rough",20,1.03284539363675,0.224631192702718,0.0481468204030994
66,4,"Best","Rough",20,1.1683098383705,0.292437129392633,0.0585648155750351
66,1,"Best","Rough",40,1.09482674153978,0.531419064900855,0.123427294185026
66,2,"Best","Rough",40,1.19568249049118,0.538905996043082,0.107873471437135
66,3,"Best","Rough",40,1.06378961814603,0.457321413059098,0.108384617837917
66,4,"Best","Rough",40,1.14584747499895,0.503860510187174,0.102431608190017
67,1,"Best","Smooth",20,0.744263837131648,0.513460588724272,0.0880323791339884
67,2,"Best","Smooth",20,0.781842078602923,0.578002744921995,0.108236856039408
67,3,"Best","Smooth",20,0.759486037733277,0.587488074700892,0.104294070165201
67,4,"Best","Smooth",20,0.745183685110032,0.5932644690302,0.106767714118586
67,1,"Best","Smooth",40,0.640553174879295,0.577832317662225,0.112605133389479
67,2,"Best","Smooth",40,0.659836315038672,0.592787371564065,0.117612523805905
67,3,"Best","Smooth",40,0.643965210977846,0.620797939138787,0.116989535084573
67,4,"Best","Smooth",40,0.629839695017362,0.651137664125929,0.121589902213658
68,1,"Best","Smooth",20,1.28832325669227,0.267758176442864,0.0634440898693115
68,2,"Best","Smooth",20,6.44688093678642,0.138499622297781,0.0511209201579984
68,3,"Best","Smooth",20,1.14404499912215,0.0789393337545697,0.0410032924412142
68,4,"Best","Smooth",20,5.76815495277354,0.342883521682035,0.0656366675171898
68,1,"Best","Smooth",40,1.22711879766828,0.0990018348670642,0.0470919739094794
68,2,"Best","Smooth",40,1.77596104332723,0.0413871326000441,0.043783736021145
68,3,"Best","Smooth",40,1.26977364241188,0.249277157691397,0.052417919069588
68,4,"Best","Smooth",40,1.38539623256224,0.0713254615571333,0.0526432366313356
69,1,"Cumulative","Rough",20,1.63112963055123,0.226673968828676,0.0838170579045659
69,2,"Cumulative","Rough",20,0.923662913483174,0.321893859595743,0.0769965773416354
69,3,"Cumulative","Rough",20,5.53951781555349,0.0168701697002214,0.0689529781117843
69,4,"Cumulative","Rough",20,0.954706995887485,0.296581647692401,0.0864477938958618
69,1,"Cumulative","Rough",40,1.19448915523034,0.256859268150195,0.0727457916853899
69,2,"Cumulative","Rough",40,1.20886534814416,0.31866901629427,0.0782347606434619
69,3,"Cumulative","Rough",40,1.06931233037725,0.311118096876699,0.0845014835061474
69,4,"Cumulative","Rough",40,1.09260528274441,0.299901057758913,0.0777112900240921
70,1,"Cumulative","Rough",20,0.82620146212533,0.443175092985325,0.0834638516601621
70,2,"Cumulative","Rough",20,0.816584065078253,0.437244366514215,0.0813655191361919
70,3,"Cumulative","Rough",20,0.812422052075607,0.441880785638491,0.087314828578694
70,4,"Cumulative","Rough",20,0.80240283985512,0.369405641132006,0.0705102175101199
70,1,"Cumulative","Rough",40,0.773115354578745,0.504585945548234,0.0923211885007607
70,2,"Cumulative","Rough",40,0.744992842585236,0.513909523560766,0.0998840758577254
70,3,"Cumulative","Rough",40,0.796613286100179,0.488873471921294,0.0872975579891358
70,4,"Cumulative","Rough",40,0.765249962136321,0.524874295782068,0.0925515875841877
71,1,"Cumulative","Smooth",20,0.738486385009923,0.518914977028356,0.0960079291068181
71,2,"Cumulative","Smooth",20,0.742390989404216,0.476964340022234,0.0739501855836671
71,3,"Cumulative","Smooth",20,0.772171817683312,0.510493842712724,0.0873965754350211
71,4,"Cumulative","Smooth",20,0.664585517257965,0.563655457911298,0.0938007204494991
71,1,"Cumulative","Smooth",40,0.693867663490989,0.531863024650306,0.0782343624149593
71,2,"Cumulative","Smooth",40,0.746790762068344,0.533684618366962,0.0883140293382674
71,3,"Cumulative","Smooth",40,0.687408457399829,0.561966902240087,0.0916433776007392
71,4,"Cumulative","Smooth",40,0.714885501927005,0.567680041074868,0.0896469964455517
72,1,"Cumulative","Smooth",20,0.713188526000878,0.512485658553602,0.0867781344813616
72,2,"Cumulative","Smooth",20,0.738249941192322,0.506872269764103,0.0945582429516331
72,3,"Cumulative","Smooth",20,0.746907767607256,0.497490108644658,0.0916592190062568
72,4,"Cumulative","Smooth",20,0.696251997261131,0.542990948715048,0.0907577364026401
72,1,"Cumulative","Smooth",40,0.580728668353336,0.548361164899174,0.0980746154652967
72,2,"Cumulative","Smooth",40,0.614066631251059,0.434474975265208,0.0710442329443914
72,3,"Cumulative","Smooth",40,0.629893316630828,0.460448605416904,0.0811891101002816
72,4,"Cumulative","Smooth",40,0.568066739645395,0.478019227433339,0.0820430775093985
73,1,"Best","Rough",20,0.639599466920793,0.516806498239041,0.0775513607977977
73,2,"Best","Rough",20,0.596529680228128,0.451948217634472,0.071538881608864
73,3,"Best","Rough",20,0.631206849080761,0.492708728849143,0.0747858838857907
73,4,"Best","Rough",20,0.584568399710673,0.530205015016515,0.0834695998142253
73,1,"Best","Rough",40,0.551059172257515,0.733220168510034,0.133995470144036
73,2,"Best","Rough",40,0.582010069027547,0.697889058054666,0.120057710424299
73,3,"Best","Rough",40,0.418678489136337,140.878401383078,17.9487285478364
73,4,"Best","Rough",40,0.523094307351643,0.756747790515337,0.130290575672974
74,1,"Best","Rough",20,2.55062275829398,0.479137077493444,0.078949956434609
74,2,"Best","Rough",20,5.04081622594848,0.870477399462646,0.0767816206930675
74,3,"Best","Rough",20,4.95198270034026,1.99083617481927,0.109127356410647
74,4,"Best","Rough",20,2.07586083408406,0.431595865214774,0.0826749544539111
74,1,"Best","Rough",40,1.63698606159504,0.894915333943063,0.118470810700228
74,2,"Best","Rough",40,1.38000257281153,0.623837613094967,0.111897460496562
74,3,"Best","Rough",40,1.52341599281002,0.934697300525817,0.124182627062121
74,4,"Best","Rough",40,1.43431739037242,0.773728518682364,0.120586683703501
75,1,"Best","Smooth",20,0.764111031240513,0.555752519820168,0.0860927531325989
75,2,"Best","Smooth",20,0.782536588706588,0.551149335534605,0.0822208944700045
75,3,"Best","Smooth",20,0.858076302267062,0.460410972868265,0.0567243198013688
75,4,"Best","Smooth",20,0.859416025957178,0.547628513046198,0.083440562721124
75,1,"Best","Smooth",40,0.786589435882188,0.514341128982239,0.0737959715136609
75,2,"Best","Smooth",40,0.758826316970858,0.526786097876757,0.0791520422835696
75,3,"Best","Smooth",40,0.741004669015603,0.499129327933047,0.0732141719387875
75,4,"Best","Smooth",40,0.737502836693514,0.485360370280431,0.0707581971055968
76,1,"Best","Smooth",20,0.70154882768096,0.304593468293903,0.0526325616404655
76,2,"Best","Smooth",20,0.719397460328744,0.396697738402041,0.072222956079931
76,3,"Best","Smooth",20,0.817024264067062,0.377545575561045,0.0815903238233167
76,4,"Best","Smooth",20,119.482914095661,20.0494511541804,0.0792798497399992
76,1,"Best","Smooth",40,0.922296480763138,0.48196206398423,0.0986634096442985
76,2,"Best","Smooth",40,0.941501427691387,0.456341978097737,0.0888109783645776
76,3,"Best","Smooth",40,0.925624166154001,0.451577666009891,0.0910903778723227
76,4,"Best","Smooth",40,0.982233895317249,0.49745290116575,0.0970334891184382
77,1,"Cumulative","Smooth",20,0.644848607886412,0.105660071626255,0.0288908073644021
77,2,"Cumulative","Smooth",20,0.741365478196536,0.1678804604179,0.0378355974863319
77,3,"Cumulative","Smooth",20,0.711966149036589,0.102669048662463,0.0396727129914463
77,4,"Cumulative","Smooth",20,0.700865077216204,0.125211144198807,0.0361681349091783
77,1,"Cumulative","Smooth",40,0.898430188870771,0.194978275633649,0.0422039004782146
77,2,"Cumulative","Smooth",40,1.1247606650844,0.0974043208822084,0.0427815391368498
77,3,"Cumulative","Smooth",40,1.13297410917005,0.150898813988691,0.0508726831093811
77,4,"Cumulative","Smooth",40,0.761575187050346,0.167718560036956,0.0498698060019484
78,1,"Best","Smooth",20,0.94671864351507,0.41336192338886,0.0973030854608278
78,2,"Best","Smooth",20,0.818149987850851,0.48998051192807,0.111493417019072
78,3,"Best","Smooth",20,1.09482692109165,0.414568012973023,0.10516246084091
78,4,"Best","Smooth",20,0.956202112750259,0.435440999501495,0.106898750715847
78,1,"Best","Smooth",40,0.696855023323333,0.55170977811609,0.108577617555924
78,2,"Best","Smooth",40,0.726131374872657,0.550039984822636,0.113320089659208
78,3,"Best","Smooth",40,0.701009943227497,0.569602041948442,0.107447052486816
78,4,"Best","Smooth",40,0.792189378399635,0.523873228042214,0.100757648007362
79,1,"Cumulative","Smooth",20,0.85802176667778,0.133201555005502,0.043573152577448
79,2,"Cumulative","Smooth",20,0.89610779875854,0.145536093818506,0.0292407039721204
79,3,"Cumulative","Smooth",20,1.48251130257819,0.00673794880026225,0.0440803312965425
79,4,"Cumulative","Smooth",20,1.92190077418678,0.126656791120701,0.0411407903040726
79,1,"Cumulative","Smooth",40,1.25989470564472,0.0382865279952026,0.0383013165249258
79,2,"Cumulative","Smooth",40,1.34135471759614,0.00673795578016686,0.0491969359064474
79,3,"Cumulative","Smooth",40,1.41629795018101,0.00673799264385003,0.0389694288035934
79,4,"Cumulative","Smooth",40,2.29030552992935,0.183349288973168,0.0445839173607236
80,1,"Cumulative","Smooth",20,0.522640515715627,0.475631401526168,0.0960197866659711
80,2,"Cumulative","Smooth",20,0.65719097768002,0.454262219860553,0.0874365699141166
80,3,"Cumulative","Smooth",20,0.559610617329097,0.480401674682242,0.0935095942371324
80,4,"Cumulative","Smooth",20,0.574870932150056,0.479341785914988,0.088128828135786
80,1,"Cumulative","Smooth",40,147.957391534976,63.5414386035193,0.174763325421164
80,2,"Cumulative","Smooth",40,99.4960803725222,95.9619767742749,0.247841829129654
80,3,"Cumulative","Smooth",40,141.743464811179,84.1092186111522,0.20586520754828
80,4,"Cumulative","Smooth",40,0.641484874255093,0.635848181628688,0.11538991650996
