"participant","leaveoutindex","reward","environment","horizon","tau"
1,1,"Cumulative","Rough",5,0.846311591566427
1,2,"Cumulative","Rough",5,0.819930411651955
1,3,"Cumulative","Rough",5,0.669530853929828
1,4,"Cumulative","Rough",5,0.823567448767695
1,5,"Cumulative","Rough",5,0.838705384661302
1,6,"Cumulative","Rough",5,0.695216773929024
1,7,"Cumulative","Rough",5,0.785105904456156
1,8,"Cumulative","Rough",5,0.978100254145413
1,1,"Cumulative","Rough",10,0.54666019425799
1,2,"Cumulative","Rough",10,0.516185190573148
1,3,"Cumulative","Rough",10,0.45390715227934
1,4,"Cumulative","Rough",10,0.501388452198525
1,5,"Cumulative","Rough",10,0.523541658644936
1,6,"Cumulative","Rough",10,0.469304442381674
1,7,"Cumulative","Rough",10,0.690628858861151
1,8,"Cumulative","Rough",10,0.511264410409873
2,1,"Cumulative","Rough",5,0.34690250807371
2,2,"Cumulative","Rough",5,0.335962870231124
2,3,"Cumulative","Rough",5,0.347353176413302
2,4,"Cumulative","Rough",5,0.343930341291837
2,5,"Cumulative","Rough",5,0.364715038964513
2,6,"Cumulative","Rough",5,0.322588678157564
2,7,"Cumulative","Rough",5,0.319973499911092
2,8,"Cumulative","Rough",5,0.326676613912958
2,1,"Cumulative","Rough",10,0.515241806249636
2,2,"Cumulative","Rough",10,0.507167313148204
2,3,"Cumulative","Rough",10,0.506865248001462
2,4,"Cumulative","Rough",10,0.503604788082307
2,5,"Cumulative","Rough",10,0.467314930224706
2,6,"Cumulative","Rough",10,0.471421716644643
2,7,"Cumulative","Rough",10,0.541081294288663
2,8,"Cumulative","Rough",10,0.526244904983209
3,1,"Cumulative","Smooth",5,0.443536365955771
3,2,"Cumulative","Smooth",5,0.430689758828243
3,3,"Cumulative","Smooth",5,0.415050375200643
3,4,"Cumulative","Smooth",5,0.42329223115178
3,5,"Cumulative","Smooth",5,0.475699178091633
3,6,"Cumulative","Smooth",5,0.434876636758041
3,7,"Cumulative","Smooth",5,0.456515531632224
3,8,"Cumulative","Smooth",5,0.457154568282337
3,1,"Cumulative","Smooth",10,0.260108503829239
3,2,"Cumulative","Smooth",10,0.259020869269104
3,3,"Cumulative","Smooth",10,0.266455726990317
3,4,"Cumulative","Smooth",10,0.287710879208122
3,5,"Cumulative","Smooth",10,0.245887922818565
3,6,"Cumulative","Smooth",10,0.263774159839022
3,7,"Cumulative","Smooth",10,0.256786078838979
3,8,"Cumulative","Smooth",10,0.247101636012527
4,1,"Best","Rough",5,0.477739393836312
4,2,"Best","Rough",5,0.499681041389222
4,3,"Best","Rough",5,0.480165325046748
4,4,"Best","Rough",5,0.521718154946972
4,5,"Best","Rough",5,0.476114662968472
4,6,"Best","Rough",5,0.517892152857143
4,7,"Best","Rough",5,0.496765628831598
4,8,"Best","Rough",5,0.513872434110315
4,1,"Best","Rough",10,0.462420251749127
4,2,"Best","Rough",10,0.502219075666531
4,3,"Best","Rough",10,0.519603147741829
4,4,"Best","Rough",10,0.465937009573612
4,5,"Best","Rough",10,0.527693663821421
4,6,"Best","Rough",10,0.525772343611067
4,7,"Best","Rough",10,0.470516164573272
4,8,"Best","Rough",10,0.45033806598159
5,1,"Best","Rough",5,0.444364361209535
5,2,"Best","Rough",5,0.398452384097984
5,3,"Best","Rough",5,0.416281576798398
5,4,"Best","Rough",5,0.455010325468956
5,5,"Best","Rough",5,0.459449804960739
5,6,"Best","Rough",5,0.472923407282472
5,7,"Best","Rough",5,0.430339248542085
5,8,"Best","Rough",5,0.451785412452685
5,1,"Best","Rough",10,0.463177403925303
5,2,"Best","Rough",10,0.498448216907167
5,3,"Best","Rough",10,0.455358441073887
5,4,"Best","Rough",10,0.474389582209226
5,5,"Best","Rough",10,0.446286871892288
5,6,"Best","Rough",10,0.482927357166381
5,7,"Best","Rough",10,0.446362940899567
5,8,"Best","Rough",10,0.510066555674715
6,1,"Best","Smooth",5,0.378323015400025
6,2,"Best","Smooth",5,0.387070010505758
6,3,"Best","Smooth",5,0.392643230714489
6,4,"Best","Smooth",5,0.410248882358139
6,5,"Best","Smooth",5,0.38155745468072
6,6,"Best","Smooth",5,0.399736839365706
6,7,"Best","Smooth",5,0.430019383517549
6,8,"Best","Smooth",5,0.38054974329981
6,1,"Best","Smooth",10,0.468595914415972
6,2,"Best","Smooth",10,0.454719345584094
6,3,"Best","Smooth",10,0.489290134683221
6,4,"Best","Smooth",10,0.430386715620713
6,5,"Best","Smooth",10,0.452108448198107
6,6,"Best","Smooth",10,0.417563516734495
6,7,"Best","Smooth",10,0.440607883276108
6,8,"Best","Smooth",10,0.462390238425523
7,1,"Cumulative","Rough",5,0.192219179472548
7,2,"Cumulative","Rough",5,0.203644659843309
7,3,"Cumulative","Rough",5,0.203302448584719
7,4,"Cumulative","Rough",5,0.195281208424675
7,5,"Cumulative","Rough",5,0.191176519547104
7,6,"Cumulative","Rough",5,0.167487576173894
7,7,"Cumulative","Rough",5,0.202804060939404
7,8,"Cumulative","Rough",5,0.203168370602044
7,1,"Cumulative","Rough",10,0.245020472230841
7,2,"Cumulative","Rough",10,0.253092822431373
7,3,"Cumulative","Rough",10,0.254535754728594
7,4,"Cumulative","Rough",10,0.235393141489289
7,5,"Cumulative","Rough",10,0.243194413015887
7,6,"Cumulative","Rough",10,0.232346871763934
7,7,"Cumulative","Rough",10,0.243094701637198
7,8,"Cumulative","Rough",10,0.245409613293987
8,1,"Cumulative","Rough",5,0.405429041957593
8,2,"Cumulative","Rough",5,0.441782707942504
8,3,"Cumulative","Rough",5,0.399622093745966
8,4,"Cumulative","Rough",5,0.50966606042849
8,5,"Cumulative","Rough",5,0.442646007861381
8,6,"Cumulative","Rough",5,0.382549840628088
8,7,"Cumulative","Rough",5,0.509758640936167
8,8,"Cumulative","Rough",5,0.468607662493025
8,1,"Cumulative","Rough",10,0.20664470168735
8,2,"Cumulative","Rough",10,0.21060619107085
8,3,"Cumulative","Rough",10,0.202498324093361
8,4,"Cumulative","Rough",10,0.204895870257782
8,5,"Cumulative","Rough",10,0.195813862988599
8,6,"Cumulative","Rough",10,0.192291342383353
8,7,"Cumulative","Rough",10,0.196700950454787
8,8,"Cumulative","Rough",10,0.203740329581538
9,1,"Cumulative","Smooth",5,0.358147347080917
9,2,"Cumulative","Smooth",5,0.353196804328442
9,3,"Cumulative","Smooth",5,0.440536765090915
9,4,"Cumulative","Smooth",5,0.384842109330527
9,5,"Cumulative","Smooth",5,0.405252752428493
9,6,"Cumulative","Smooth",5,0.370271421109221
9,7,"Cumulative","Smooth",5,0.383433747308275
9,8,"Cumulative","Smooth",5,0.378964521054308
9,1,"Cumulative","Smooth",10,0.486818423687457
9,2,"Cumulative","Smooth",10,0.458279810929552
9,3,"Cumulative","Smooth",10,0.446501620175547
9,4,"Cumulative","Smooth",10,0.45817608522626
9,5,"Cumulative","Smooth",10,0.439897903586008
9,6,"Cumulative","Smooth",10,0.46526802474579
9,7,"Cumulative","Smooth",10,0.444482368988905
9,8,"Cumulative","Smooth",10,0.451664742293382
10,1,"Cumulative","Smooth",5,0.417156715780744
10,2,"Cumulative","Smooth",5,0.391018508586934
10,3,"Cumulative","Smooth",5,0.39143189773651
10,4,"Cumulative","Smooth",5,0.371510038413132
10,5,"Cumulative","Smooth",5,0.433891115313492
10,6,"Cumulative","Smooth",5,0.431543893316947
10,7,"Cumulative","Smooth",5,0.379080552461127
10,8,"Cumulative","Smooth",5,0.402247553497261
10,1,"Cumulative","Smooth",10,0.49457274895847
10,2,"Cumulative","Smooth",10,0.430591263892834
10,3,"Cumulative","Smooth",10,0.522713157663965
10,4,"Cumulative","Smooth",10,0.471371378312818
10,5,"Cumulative","Smooth",10,0.454125254570874
10,6,"Cumulative","Smooth",10,0.463039186373024
10,7,"Cumulative","Smooth",10,0.470724710267832
10,8,"Cumulative","Smooth",10,0.476082179821847
11,1,"Best","Rough",5,0.494212888616256
11,2,"Best","Rough",5,0.499853876628421
11,3,"Best","Rough",5,0.489165301283944
11,4,"Best","Rough",5,0.531656222894097
11,5,"Best","Rough",5,0.485922665369747
11,6,"Best","Rough",5,0.511153003501857
11,7,"Best","Rough",5,0.572377641468929
11,8,"Best","Rough",5,0.492025411192786
11,1,"Best","Rough",10,0.804865770018707
11,2,"Best","Rough",10,0.831314585913006
11,3,"Best","Rough",10,0.682870329638883
11,4,"Best","Rough",10,0.9527661371474
11,5,"Best","Rough",10,0.781603178221971
11,6,"Best","Rough",10,0.818007448903442
11,7,"Best","Rough",10,0.796829527128864
11,8,"Best","Rough",10,0.75553819852776
12,1,"Best","Rough",5,0.425502024599647
12,2,"Best","Rough",5,0.442271481890055
12,3,"Best","Rough",5,0.432347444464248
12,4,"Best","Rough",5,0.488878853066735
12,5,"Best","Rough",5,0.46332846087567
12,6,"Best","Rough",5,0.429756308867818
12,7,"Best","Rough",5,0.449264280540455
12,8,"Best","Rough",5,0.482265772919777
12,1,"Best","Rough",10,0.461086154380234
12,2,"Best","Rough",10,0.437516503549014
12,3,"Best","Rough",10,0.449901845991345
12,4,"Best","Rough",10,0.451332001270605
12,5,"Best","Rough",10,0.439248235078862
12,6,"Best","Rough",10,0.444920558909105
12,7,"Best","Rough",10,0.431035733036449
12,8,"Best","Rough",10,0.42637948529818
13,1,"Best","Smooth",5,0.700865061368088
13,2,"Best","Smooth",5,0.765435198147066
13,3,"Best","Smooth",5,0.558947828044891
13,4,"Best","Smooth",5,0.580484610173821
13,5,"Best","Smooth",5,0.554481886635702
13,6,"Best","Smooth",5,0.632518014217669
13,7,"Best","Smooth",5,0.64850863468193
13,8,"Best","Smooth",5,0.604223775581183
13,1,"Best","Smooth",10,0.509661268057588
13,2,"Best","Smooth",10,0.519771863845113
13,3,"Best","Smooth",10,0.503420297396988
13,4,"Best","Smooth",10,0.495444098261292
13,5,"Best","Smooth",10,0.522247189965607
13,6,"Best","Smooth",10,0.497216372976781
13,7,"Best","Smooth",10,0.615594986796837
13,8,"Best","Smooth",10,0.508328192987896
14,1,"Best","Smooth",5,0.336705462604556
14,2,"Best","Smooth",5,0.349320755837872
14,3,"Best","Smooth",5,0.335894798199035
14,4,"Best","Smooth",5,0.309256300482035
14,5,"Best","Smooth",5,0.315757414872791
14,6,"Best","Smooth",5,0.342349528291801
14,7,"Best","Smooth",5,0.308861039779265
14,8,"Best","Smooth",5,0.317592268572268
14,1,"Best","Smooth",10,0.38231147140493
14,2,"Best","Smooth",10,0.443367395534974
14,3,"Best","Smooth",10,0.414404601699739
14,4,"Best","Smooth",10,0.38105192071623
14,5,"Best","Smooth",10,0.387521475255659
14,6,"Best","Smooth",10,0.381953582587065
14,7,"Best","Smooth",10,0.403505761130335
14,8,"Best","Smooth",10,0.389787517681567
15,1,"Cumulative","Rough",5,0.516024614106522
15,2,"Cumulative","Rough",5,0.502935193032625
15,3,"Cumulative","Rough",5,0.465467957894252
15,4,"Cumulative","Rough",5,0.508574082535895
15,5,"Cumulative","Rough",5,0.537206064226853
15,6,"Cumulative","Rough",5,0.439666689502942
15,7,"Cumulative","Rough",5,0.489256020113298
15,8,"Cumulative","Rough",5,0.501054338823551
15,1,"Cumulative","Rough",10,0.387999861303414
15,2,"Cumulative","Rough",10,0.417465879666512
15,3,"Cumulative","Rough",10,0.361416011215866
15,4,"Cumulative","Rough",10,0.431649916030229
15,5,"Cumulative","Rough",10,0.379680580977291
15,6,"Cumulative","Rough",10,0.394062852190306
15,7,"Cumulative","Rough",10,0.40850589680323
15,8,"Cumulative","Rough",10,0.397034207600305
16,1,"Cumulative","Smooth",5,0.344785282704002
16,2,"Cumulative","Smooth",5,0.396097264007181
16,3,"Cumulative","Smooth",5,0.405415916191824
16,4,"Cumulative","Smooth",5,0.364965696453835
16,5,"Cumulative","Smooth",5,0.374276401416824
16,6,"Cumulative","Smooth",5,0.376493821344776
16,7,"Cumulative","Smooth",5,0.403855157812217
16,8,"Cumulative","Smooth",5,0.368573781589638
16,1,"Cumulative","Smooth",10,0.425720694227232
16,2,"Cumulative","Smooth",10,0.396250442024017
16,3,"Cumulative","Smooth",10,0.428022071710966
16,4,"Cumulative","Smooth",10,0.434051636874889
16,5,"Cumulative","Smooth",10,0.429422073610909
16,6,"Cumulative","Smooth",10,0.463646377200369
16,7,"Cumulative","Smooth",10,0.471073644511232
16,8,"Cumulative","Smooth",10,0.42019714807667
17,1,"Cumulative","Smooth",5,0.403807920143108
17,2,"Cumulative","Smooth",5,0.406730972999644
17,3,"Cumulative","Smooth",5,0.490567812610615
17,4,"Cumulative","Smooth",5,0.406761782469382
17,5,"Cumulative","Smooth",5,0.439091351937655
17,6,"Cumulative","Smooth",5,0.376041194463479
17,7,"Cumulative","Smooth",5,0.426800612429209
17,8,"Cumulative","Smooth",5,0.390448286497133
17,1,"Cumulative","Smooth",10,0.501691051298726
17,2,"Cumulative","Smooth",10,0.472867468133015
17,3,"Cumulative","Smooth",10,0.531391889946785
17,4,"Cumulative","Smooth",10,0.476228191870593
17,5,"Cumulative","Smooth",10,0.516676596059243
17,6,"Cumulative","Smooth",10,0.504370655802133
17,7,"Cumulative","Smooth",10,0.554615692759163
17,8,"Cumulative","Smooth",10,0.487672154868746
18,1,"Best","Rough",5,0.816533024939321
18,2,"Best","Rough",5,0.764964718250306
18,3,"Best","Rough",5,0.766616604829518
18,4,"Best","Rough",5,0.797882579887344
18,5,"Best","Rough",5,0.764119559706639
18,6,"Best","Rough",5,0.763020183793706
18,7,"Best","Rough",5,0.629207391916095
18,8,"Best","Rough",5,0.676868296966257
18,1,"Best","Rough",10,0.646603549047546
18,2,"Best","Rough",10,0.578702601615322
18,3,"Best","Rough",10,0.528054910986371
18,4,"Best","Rough",10,0.620715931917809
18,5,"Best","Rough",10,0.609880542036657
18,6,"Best","Rough",10,0.6003781474271
18,7,"Best","Rough",10,0.574364741648843
18,8,"Best","Rough",10,0.547140484359889
19,1,"Best","Rough",5,2.05412476413094
19,2,"Best","Rough",5,2.52764261270443
19,3,"Best","Rough",5,14.1104673009694
19,4,"Best","Rough",5,7.35099154479174
19,5,"Best","Rough",5,2.59423563533201
19,6,"Best","Rough",5,2.75641853867613
19,7,"Best","Rough",5,9.03029032742538
19,8,"Best","Rough",5,2.27495474726109
19,1,"Best","Rough",10,1.36360996645095
19,2,"Best","Rough",10,1.89643542391931
19,3,"Best","Rough",10,1.42726006077939
19,4,"Best","Rough",10,1.66285437594135
19,5,"Best","Rough",10,1.38621116976214
19,6,"Best","Rough",10,1.79101711792736
19,7,"Best","Rough",10,1.90370794970491
19,8,"Best","Rough",10,1.57771381914758
20,1,"Best","Smooth",5,0.426751027502974
20,2,"Best","Smooth",5,0.489806195746011
20,3,"Best","Smooth",5,0.407929307945823
20,4,"Best","Smooth",5,0.383110025384984
20,5,"Best","Smooth",5,0.405548021564443
20,6,"Best","Smooth",5,0.385962906438349
20,7,"Best","Smooth",5,0.406613987155969
20,8,"Best","Smooth",5,0.422980213052153
20,1,"Best","Smooth",10,0.476795703569237
20,2,"Best","Smooth",10,0.458798055771632
20,3,"Best","Smooth",10,0.532530099923944
20,4,"Best","Smooth",10,0.474114731461921
20,5,"Best","Smooth",10,0.484320708384462
20,6,"Best","Smooth",10,0.475892385975929
20,7,"Best","Smooth",10,0.491685394565475
20,8,"Best","Smooth",10,0.475074514027939
21,1,"Best","Smooth",5,0.472999224228572
21,2,"Best","Smooth",5,0.467888560469401
21,3,"Best","Smooth",5,0.433123779139587
21,4,"Best","Smooth",5,0.488747526884503
21,5,"Best","Smooth",5,0.477966242462088
21,6,"Best","Smooth",5,0.471269313022803
21,7,"Best","Smooth",5,0.422096378933078
21,8,"Best","Smooth",5,0.458270666391007
21,1,"Best","Smooth",10,0.551559633878958
21,2,"Best","Smooth",10,0.470031564864643
21,3,"Best","Smooth",10,0.489830563367249
21,4,"Best","Smooth",10,0.473429545347504
21,5,"Best","Smooth",10,0.511022191507351
21,6,"Best","Smooth",10,0.469301083410086
21,7,"Best","Smooth",10,0.513202965545288
21,8,"Best","Smooth",10,0.496190288851385
22,1,"Cumulative","Rough",5,0.415024077217688
22,2,"Cumulative","Rough",5,0.503139438090673
22,3,"Cumulative","Rough",5,0.48028777468757
22,4,"Cumulative","Rough",5,0.441507220174828
22,5,"Cumulative","Rough",5,0.44246542805399
22,6,"Cumulative","Rough",5,0.443669369839373
22,7,"Cumulative","Rough",5,0.440900547410676
22,8,"Cumulative","Rough",5,0.430025172194987
22,1,"Cumulative","Rough",10,0.469221066435015
22,2,"Cumulative","Rough",10,0.444857680723604
22,3,"Cumulative","Rough",10,0.435494594840459
22,4,"Cumulative","Rough",10,0.438430984086027
22,5,"Cumulative","Rough",10,0.432973775344098
22,6,"Cumulative","Rough",10,0.444165705815251
22,7,"Cumulative","Rough",10,0.428985262344329
22,8,"Cumulative","Rough",10,0.45532003683058
23,1,"Cumulative","Rough",5,0.380935963455409
23,2,"Cumulative","Rough",5,0.371424661867139
23,3,"Cumulative","Rough",5,0.350820803022799
23,4,"Cumulative","Rough",5,0.424163082979657
23,5,"Cumulative","Rough",5,0.407240483389071
23,6,"Cumulative","Rough",5,0.41673009683797
23,7,"Cumulative","Rough",5,0.404109860940155
23,8,"Cumulative","Rough",5,0.38730276472903
23,1,"Cumulative","Rough",10,0.371129665213667
23,2,"Cumulative","Rough",10,0.334351155012177
23,3,"Cumulative","Rough",10,0.356011151861463
23,4,"Cumulative","Rough",10,0.335789114107463
23,5,"Cumulative","Rough",10,0.331063152039042
23,6,"Cumulative","Rough",10,0.315241446012891
23,7,"Cumulative","Rough",10,0.304272140929712
23,8,"Cumulative","Rough",10,0.333551233088756
24,1,"Cumulative","Smooth",5,0.520802098612498
24,2,"Cumulative","Smooth",5,0.61496872857624
24,3,"Cumulative","Smooth",5,0.496029877897668
24,4,"Cumulative","Smooth",5,0.583178413707109
24,5,"Cumulative","Smooth",5,0.535973331219803
24,6,"Cumulative","Smooth",5,0.55716293477214
24,7,"Cumulative","Smooth",5,0.541118843449722
24,8,"Cumulative","Smooth",5,0.582050143014457
24,1,"Cumulative","Smooth",10,0.751758133480078
24,2,"Cumulative","Smooth",10,0.719458956713139
24,3,"Cumulative","Smooth",10,0.724400181963453
24,4,"Cumulative","Smooth",10,0.807370526056136
24,5,"Cumulative","Smooth",10,0.728727626968457
24,6,"Cumulative","Smooth",10,0.699950281891646
24,7,"Cumulative","Smooth",10,0.805434616706046
24,8,"Cumulative","Smooth",10,0.768958669580925
25,1,"Cumulative","Smooth",5,0.502141116391053
25,2,"Cumulative","Smooth",5,0.555828821308743
25,3,"Cumulative","Smooth",5,0.593911518649971
25,4,"Cumulative","Smooth",5,0.556468977156262
25,5,"Cumulative","Smooth",5,0.520498285320073
25,6,"Cumulative","Smooth",5,0.558119286770942
25,7,"Cumulative","Smooth",5,0.680506750287857
25,8,"Cumulative","Smooth",5,0.614294687940002
25,1,"Cumulative","Smooth",10,0.490412963793601
25,2,"Cumulative","Smooth",10,0.455618335052824
25,3,"Cumulative","Smooth",10,0.457745901077841
25,4,"Cumulative","Smooth",10,0.552325501168052
25,5,"Cumulative","Smooth",10,0.517672338188194
25,6,"Cumulative","Smooth",10,0.506110788136015
25,7,"Cumulative","Smooth",10,0.501949895639359
25,8,"Cumulative","Smooth",10,0.514496417644111
26,1,"Best","Rough",5,0.491797055269015
26,2,"Best","Rough",5,0.45685835889805
26,3,"Best","Rough",5,0.519010554857242
26,4,"Best","Rough",5,0.478189158722894
26,5,"Best","Rough",5,0.464442422376493
26,6,"Best","Rough",5,0.50015054925115
26,7,"Best","Rough",5,0.513358019927377
26,8,"Best","Rough",5,0.526821054543725
26,1,"Best","Rough",10,0.573863442803263
26,2,"Best","Rough",10,0.494930240899989
26,3,"Best","Rough",10,0.505267737814077
26,4,"Best","Rough",10,0.472108373610976
26,5,"Best","Rough",10,0.515635460590393
26,6,"Best","Rough",10,0.548931921200924
26,7,"Best","Rough",10,0.500084873050502
26,8,"Best","Rough",10,0.490992206925279
27,1,"Best","Rough",5,0.211748695450541
27,2,"Best","Rough",5,0.224366615695001
27,3,"Best","Rough",5,0.201952780416874
27,4,"Best","Rough",5,0.226893861842803
27,5,"Best","Rough",5,0.224184976013322
27,6,"Best","Rough",5,0.226893861842803
27,7,"Best","Rough",5,0.17522678794384
27,8,"Best","Rough",5,0.224260844062934
27,1,"Best","Rough",10,0.235299977231983
27,2,"Best","Rough",10,0.236855702223079
27,3,"Best","Rough",10,0.195635886154808
27,4,"Best","Rough",10,0.198654829171439
27,5,"Best","Rough",10,0.230105161681019
27,6,"Best","Rough",10,0.236696635998641
27,7,"Best","Rough",10,0.236763005744699
27,8,"Best","Rough",10,0.229825409449331
28,1,"Best","Smooth",5,0.466623821938777
28,2,"Best","Smooth",5,0.478320737762225
28,3,"Best","Smooth",5,0.44279794786035
28,4,"Best","Smooth",5,0.422501892738325
28,5,"Best","Smooth",5,0.442911883830761
28,6,"Best","Smooth",5,0.481957124702843
28,7,"Best","Smooth",5,0.429807343242533
28,8,"Best","Smooth",5,0.425504391821841
28,1,"Best","Smooth",10,0.430612786621859
28,2,"Best","Smooth",10,0.429947549878203
28,3,"Best","Smooth",10,0.438939516581626
28,4,"Best","Smooth",10,0.415858382874167
28,5,"Best","Smooth",10,0.421399640717708
28,6,"Best","Smooth",10,0.468781513800764
28,7,"Best","Smooth",10,0.481086169816125
28,8,"Best","Smooth",10,0.450799247004429
29,1,"Best","Smooth",5,0.579624781101516
29,2,"Best","Smooth",5,0.707586476125683
29,3,"Best","Smooth",5,0.629498137603369
29,4,"Best","Smooth",5,0.648078011006718
29,5,"Best","Smooth",5,0.712851400769326
29,6,"Best","Smooth",5,0.594005202163097
29,7,"Best","Smooth",5,0.611339314124871
29,8,"Best","Smooth",5,0.708026562927025
29,1,"Best","Smooth",10,0.491515668072915
29,2,"Best","Smooth",10,0.449881287433961
29,3,"Best","Smooth",10,0.455885473820021
29,4,"Best","Smooth",10,0.481496301206262
29,5,"Best","Smooth",10,0.463525641696578
29,6,"Best","Smooth",10,0.504190993114526
29,7,"Best","Smooth",10,0.493809959870924
29,8,"Best","Smooth",10,0.450923080266282
30,1,"Cumulative","Rough",5,0.422164064970849
30,2,"Cumulative","Rough",5,0.323624697566202
30,3,"Cumulative","Rough",5,0.359636137610272
30,4,"Cumulative","Rough",5,0.321065498843427
30,5,"Cumulative","Rough",5,0.38918430679685
30,6,"Cumulative","Rough",5,0.438222086142596
30,7,"Cumulative","Rough",5,0.349492567324526
30,8,"Cumulative","Rough",5,0.384908115232314
30,1,"Cumulative","Rough",10,0.288722760514019
30,2,"Cumulative","Rough",10,0.287743371296752
30,3,"Cumulative","Rough",10,0.306128863194664
30,4,"Cumulative","Rough",10,0.271469345199715
30,5,"Cumulative","Rough",10,0.301258780607958
30,6,"Cumulative","Rough",10,0.280567403466775
30,7,"Cumulative","Rough",10,0.278447852741839
30,8,"Cumulative","Rough",10,0.264408069481292
31,1,"Cumulative","Rough",5,1.06176556823466
31,2,"Cumulative","Rough",5,0.669713041683785
31,3,"Cumulative","Rough",5,0.898443469212525
31,4,"Cumulative","Rough",5,0.664200985731601
31,5,"Cumulative","Rough",5,0.660030031811433
31,6,"Cumulative","Rough",5,0.675169567988989
31,7,"Cumulative","Rough",5,1.3795855903709
31,8,"Cumulative","Rough",5,1.10802973569058
31,1,"Cumulative","Rough",10,0.229917509428914
31,2,"Cumulative","Rough",10,0.204977059586686
31,3,"Cumulative","Rough",10,0.230523004352626
31,4,"Cumulative","Rough",10,0.244563389426267
31,5,"Cumulative","Rough",10,0.237571493069803
31,6,"Cumulative","Rough",10,0.224684615658004
31,7,"Cumulative","Rough",10,0.237914097557709
31,8,"Cumulative","Rough",10,0.244412430186772
32,1,"Cumulative","Smooth",5,0.829155041703859
32,2,"Cumulative","Smooth",5,0.775591171745101
32,3,"Cumulative","Smooth",5,0.70748082406318
32,4,"Cumulative","Smooth",5,0.743494050620978
32,5,"Cumulative","Smooth",5,0.670511925016461
32,6,"Cumulative","Smooth",5,0.81092180342927
32,7,"Cumulative","Smooth",5,0.677017184672139
32,8,"Cumulative","Smooth",5,0.941750006199132
32,1,"Cumulative","Smooth",10,0.444008691092505
32,2,"Cumulative","Smooth",10,0.421554924631922
32,3,"Cumulative","Smooth",10,0.42000507523068
32,4,"Cumulative","Smooth",10,0.467937703498126
32,5,"Cumulative","Smooth",10,0.389280468346937
32,6,"Cumulative","Smooth",10,0.370337831032867
32,7,"Cumulative","Smooth",10,0.42329909627869
32,8,"Cumulative","Smooth",10,0.384715476480505
33,1,"Cumulative","Smooth",5,0.380439638341647
33,2,"Cumulative","Smooth",5,0.3635900210084
33,3,"Cumulative","Smooth",5,0.393895884410853
33,4,"Cumulative","Smooth",5,0.416584403181397
33,5,"Cumulative","Smooth",5,0.393956545497946
33,6,"Cumulative","Smooth",5,0.367965783769651
33,7,"Cumulative","Smooth",5,0.382315094530405
33,8,"Cumulative","Smooth",5,0.338560134102755
33,1,"Cumulative","Smooth",10,0.543936481468009
33,2,"Cumulative","Smooth",10,0.605020310114449
33,3,"Cumulative","Smooth",10,0.515596588742461
33,4,"Cumulative","Smooth",10,0.609218970137634
33,5,"Cumulative","Smooth",10,0.531583297692487
33,6,"Cumulative","Smooth",10,0.692013529736518
33,7,"Cumulative","Smooth",10,0.511099096286418
33,8,"Cumulative","Smooth",10,0.54966861220549
34,1,"Best","Rough",5,0.46542200843553
34,2,"Best","Rough",5,0.427593057529494
34,3,"Best","Rough",5,0.493117542729788
34,4,"Best","Rough",5,0.490881383493999
34,5,"Best","Rough",5,0.477741934723279
34,6,"Best","Rough",5,0.481131988594854
34,7,"Best","Rough",5,0.467975828656978
34,8,"Best","Rough",5,0.504831846833973
34,1,"Best","Rough",10,0.420449386795009
34,2,"Best","Rough",10,0.449127996298865
34,3,"Best","Rough",10,0.436174139230158
34,4,"Best","Rough",10,0.458898292320581
34,5,"Best","Rough",10,0.451323728920547
34,6,"Best","Rough",10,0.43005226843756
34,7,"Best","Rough",10,0.461495419975302
34,8,"Best","Rough",10,0.449141693981257
35,1,"Best","Rough",5,0.442336161959096
35,2,"Best","Rough",5,0.422567348915521
35,3,"Best","Rough",5,0.591846095701346
35,4,"Best","Rough",5,0.488223709092781
35,5,"Best","Rough",5,0.432148613517192
35,6,"Best","Rough",5,0.474882425565552
35,7,"Best","Rough",5,0.538359113264013
35,8,"Best","Rough",5,0.432800741403654
35,1,"Best","Rough",10,0.528554987699641
35,2,"Best","Rough",10,0.488551355578777
35,3,"Best","Rough",10,0.504070092952262
35,4,"Best","Rough",10,0.569822687430827
35,5,"Best","Rough",10,0.498796948997015
35,6,"Best","Rough",10,0.496199995158274
35,7,"Best","Rough",10,0.523978188378596
35,8,"Best","Rough",10,0.612669842385673
36,1,"Best","Smooth",5,0.362254913215132
36,2,"Best","Smooth",5,0.38255597124315
36,3,"Best","Smooth",5,0.411774494845719
36,4,"Best","Smooth",5,0.340859476434795
36,5,"Best","Smooth",5,0.382247762034719
36,6,"Best","Smooth",5,0.389405038921821
36,7,"Best","Smooth",5,0.422897773808919
36,8,"Best","Smooth",5,0.373860677675151
36,1,"Best","Smooth",10,0.312840080054595
36,2,"Best","Smooth",10,0.303151068082424
36,3,"Best","Smooth",10,0.299426646419707
36,4,"Best","Smooth",10,0.283878509696225
36,5,"Best","Smooth",10,0.301668608944308
36,6,"Best","Smooth",10,0.316481814881408
36,7,"Best","Smooth",10,0.323971251076399
36,8,"Best","Smooth",10,0.298737324048343
37,1,"Best","Smooth",5,0.845645166370674
37,2,"Best","Smooth",5,0.798766779825059
37,3,"Best","Smooth",5,0.97529023290337
37,4,"Best","Smooth",5,0.819420998173813
37,5,"Best","Smooth",5,1.84622374654718
37,6,"Best","Smooth",5,148.402846121994
37,7,"Best","Smooth",5,0.857656678257398
37,8,"Best","Smooth",5,0.917905520197702
37,1,"Best","Smooth",10,0.561051745374451
37,2,"Best","Smooth",10,0.589540125245075
37,3,"Best","Smooth",10,0.677346529575541
37,4,"Best","Smooth",10,0.557070954187777
37,5,"Best","Smooth",10,0.525811057134383
37,6,"Best","Smooth",10,0.597749378824439
37,7,"Best","Smooth",10,0.619130638040495
37,8,"Best","Smooth",10,0.729321414641467
38,1,"Cumulative","Rough",5,0.465237950267459
38,2,"Cumulative","Rough",5,0.449237818920614
38,3,"Cumulative","Rough",5,0.478933818822503
38,4,"Cumulative","Rough",5,0.447462025452304
38,5,"Cumulative","Rough",5,0.49413794385806
38,6,"Cumulative","Rough",5,0.441919844234482
38,7,"Cumulative","Rough",5,0.438894815955017
38,8,"Cumulative","Rough",5,0.445321580755134
38,1,"Cumulative","Rough",10,0.474623100556968
38,2,"Cumulative","Rough",10,0.462452598574696
38,3,"Cumulative","Rough",10,0.454020397138792
38,4,"Cumulative","Rough",10,0.478731959763111
38,5,"Cumulative","Rough",10,0.473433386574835
38,6,"Cumulative","Rough",10,0.48544859422358
38,7,"Cumulative","Rough",10,0.437362902734127
38,8,"Cumulative","Rough",10,0.489613619102578
39,1,"Cumulative","Smooth",5,0.627766950367207
39,2,"Cumulative","Smooth",5,0.57298170488785
39,3,"Cumulative","Smooth",5,0.582472119602476
39,4,"Cumulative","Smooth",5,0.615787815130441
39,5,"Cumulative","Smooth",5,0.583248313242475
39,6,"Cumulative","Smooth",5,0.611907208543864
39,7,"Cumulative","Smooth",5,0.561415348545847
39,8,"Cumulative","Smooth",5,0.582655418157652
39,1,"Cumulative","Smooth",10,0.443672035301124
39,2,"Cumulative","Smooth",10,0.493640559121933
39,3,"Cumulative","Smooth",10,0.471135248251649
39,4,"Cumulative","Smooth",10,0.463034387679613
39,5,"Cumulative","Smooth",10,0.500144843219548
39,6,"Cumulative","Smooth",10,0.480433511759317
39,7,"Cumulative","Smooth",10,0.511314482126584
39,8,"Cumulative","Smooth",10,0.546411636579343
40,1,"Best","Rough",5,0.510987132814192
40,2,"Best","Rough",5,0.479765416664215
40,3,"Best","Rough",5,0.503107999628447
40,4,"Best","Rough",5,0.512721068546668
40,5,"Best","Rough",5,0.471600455147187
40,6,"Best","Rough",5,0.610715817389053
40,7,"Best","Rough",5,0.531937883928869
40,8,"Best","Rough",5,0.499269452373001
40,1,"Best","Rough",10,0.599522347814119
40,2,"Best","Rough",10,0.599440615329338
40,3,"Best","Rough",10,0.6335818882499
40,4,"Best","Rough",10,0.570213532842255
40,5,"Best","Rough",10,0.646814266726288
40,6,"Best","Rough",10,0.583040866243045
40,7,"Best","Rough",10,0.710675316183012
40,8,"Best","Rough",10,0.668129281373737
41,1,"Best","Rough",5,1.17860841808829
41,2,"Best","Rough",5,1.68155300507897
41,3,"Best","Rough",5,0.992329760437731
41,4,"Best","Rough",5,1.67791771285652
41,5,"Best","Rough",5,1.416608223368
41,6,"Best","Rough",5,1.44696399403998
41,7,"Best","Rough",5,0.958395561515136
41,8,"Best","Rough",5,1.40171562822302
41,1,"Best","Rough",10,1.03078437036308
41,2,"Best","Rough",10,0.817829151544477
41,3,"Best","Rough",10,0.936565648089446
41,4,"Best","Rough",10,0.898600052383172
41,5,"Best","Rough",10,0.991351344226754
41,6,"Best","Rough",10,0.821871642485832
41,7,"Best","Rough",10,0.830883079074057
41,8,"Best","Rough",10,0.889063833577838
42,1,"Best","Smooth",5,0.56176153249873
42,2,"Best","Smooth",5,0.46326975232424
42,3,"Best","Smooth",5,0.430055606335672
42,4,"Best","Smooth",5,0.462657987086353
42,5,"Best","Smooth",5,0.481882460643221
42,6,"Best","Smooth",5,0.470502910917721
42,7,"Best","Smooth",5,0.585288845758201
42,8,"Best","Smooth",5,0.462765378797955
42,1,"Best","Smooth",10,0.543580346761391
42,2,"Best","Smooth",10,0.531964506874536
42,3,"Best","Smooth",10,0.545764864779196
42,4,"Best","Smooth",10,0.54313102754039
42,5,"Best","Smooth",10,0.508241369896765
42,6,"Best","Smooth",10,0.588521326435771
42,7,"Best","Smooth",10,0.526266891001375
42,8,"Best","Smooth",10,0.509163231930951
43,1,"Best","Smooth",5,0.34008381443384
43,2,"Best","Smooth",5,0.369655128228497
43,3,"Best","Smooth",5,0.369635566888253
43,4,"Best","Smooth",5,0.318592918352775
43,5,"Best","Smooth",5,0.318734427406101
43,6,"Best","Smooth",5,0.351234726180386
43,7,"Best","Smooth",5,0.328980937881966
43,8,"Best","Smooth",5,0.344659852175067
43,1,"Best","Smooth",10,0.339659761790049
43,2,"Best","Smooth",10,0.334749214090624
43,3,"Best","Smooth",10,0.341692081530017
43,4,"Best","Smooth",10,0.323263559137179
43,5,"Best","Smooth",10,0.354448786147813
43,6,"Best","Smooth",10,0.351360291092308
43,7,"Best","Smooth",10,0.364528945600795
43,8,"Best","Smooth",10,0.366101648122851
44,1,"Cumulative","Rough",5,0.333398342724691
44,2,"Cumulative","Rough",5,0.333126207997231
44,3,"Cumulative","Rough",5,0.292218105060224
44,4,"Cumulative","Rough",5,0.293772750395212
44,5,"Cumulative","Rough",5,0.323342442741245
44,6,"Cumulative","Rough",5,0.264147753243463
44,7,"Cumulative","Rough",5,0.323963488083142
44,8,"Cumulative","Rough",5,0.294013389059888
44,1,"Cumulative","Rough",10,0.253710315502912
44,2,"Cumulative","Rough",10,0.243818044559347
44,3,"Cumulative","Rough",10,0.249676368343857
44,4,"Cumulative","Rough",10,0.247140449737999
44,5,"Cumulative","Rough",10,0.253191989435786
44,6,"Cumulative","Rough",10,0.250711413511714
44,7,"Cumulative","Rough",10,0.262705804936537
44,8,"Cumulative","Rough",10,0.260582766777621
45,1,"Cumulative","Rough",5,0.280723473907874
45,2,"Cumulative","Rough",5,0.29624589531076
45,3,"Cumulative","Rough",5,0.288081105129539
45,4,"Cumulative","Rough",5,0.296445920545263
45,5,"Cumulative","Rough",5,0.2674118756562
45,6,"Cumulative","Rough",5,0.295327848800183
45,7,"Cumulative","Rough",5,0.278852601408197
45,8,"Cumulative","Rough",5,0.311614650527563
45,1,"Cumulative","Rough",10,0.24873083471593
45,2,"Cumulative","Rough",10,0.267364700467875
45,3,"Cumulative","Rough",10,0.256666590884432
45,4,"Cumulative","Rough",10,0.263339191770521
45,5,"Cumulative","Rough",10,0.263973281862014
45,6,"Cumulative","Rough",10,0.289389843247156
45,7,"Cumulative","Rough",10,0.268588029951736
45,8,"Cumulative","Rough",10,0.257306061295471
46,1,"Cumulative","Smooth",5,0.516760506308032
46,2,"Cumulative","Smooth",5,0.512562657181032
46,3,"Cumulative","Smooth",5,0.512541890973334
46,4,"Cumulative","Smooth",5,0.497807260649566
46,5,"Cumulative","Smooth",5,0.473277906948372
46,6,"Cumulative","Smooth",5,0.537085809411323
46,7,"Cumulative","Smooth",5,0.490060777722058
46,8,"Cumulative","Smooth",5,0.487637684205802
46,1,"Cumulative","Smooth",10,0.478915222987332
46,2,"Cumulative","Smooth",10,0.471223082647748
46,3,"Cumulative","Smooth",10,0.48256242560067
46,4,"Cumulative","Smooth",10,0.50811196726699
46,5,"Cumulative","Smooth",10,0.547650480198589
46,6,"Cumulative","Smooth",10,0.463024375965652
46,7,"Cumulative","Smooth",10,0.43637538032137
46,8,"Cumulative","Smooth",10,0.454290520502927
47,1,"Best","Rough",5,0.369105399754273
47,2,"Best","Rough",5,0.333493971817969
47,3,"Best","Rough",5,0.367700629127127
47,4,"Best","Rough",5,0.325858067616151
47,5,"Best","Rough",5,0.343343821909566
47,6,"Best","Rough",5,0.365297698033927
47,7,"Best","Rough",5,0.336682927607814
47,8,"Best","Rough",5,0.331484132454206
47,1,"Best","Rough",10,0.461926317057963
47,2,"Best","Rough",10,0.451241329320792
47,3,"Best","Rough",10,0.500251158209714
47,4,"Best","Rough",10,0.442570896123507
47,5,"Best","Rough",10,0.455798932203808
47,6,"Best","Rough",10,0.439016560824963
47,7,"Best","Rough",10,0.436089307347499
47,8,"Best","Rough",10,0.420094075028038
48,1,"Best","Rough",5,0.489174420271164
48,2,"Best","Rough",5,0.45100304862076
48,3,"Best","Rough",5,0.445647843112453
48,4,"Best","Rough",5,0.478306185227692
48,5,"Best","Rough",5,0.465068796795821
48,6,"Best","Rough",5,0.440077773572587
48,7,"Best","Rough",5,0.521993149169816
48,8,"Best","Rough",5,0.407460261860209
48,1,"Best","Rough",10,0.503706594292498
48,2,"Best","Rough",10,0.503341194355577
48,3,"Best","Rough",10,0.578768989315589
48,4,"Best","Rough",10,0.514376579292057
48,5,"Best","Rough",10,0.548990848416739
48,6,"Best","Rough",10,0.530206225748708
48,7,"Best","Rough",10,0.530409838446767
48,8,"Best","Rough",10,0.50464673115216
49,1,"Best","Smooth",5,0.420320934166685
49,2,"Best","Smooth",5,0.428988884862057
49,3,"Best","Smooth",5,0.478304167395666
49,4,"Best","Smooth",5,0.437443820708582
49,5,"Best","Smooth",5,0.505780858134569
49,6,"Best","Smooth",5,0.42693039966542
49,7,"Best","Smooth",5,0.470063205340102
49,8,"Best","Smooth",5,0.421505914027057
49,1,"Best","Smooth",10,0.466679258392107
49,2,"Best","Smooth",10,0.476747023245218
49,3,"Best","Smooth",10,0.472359018225748
49,4,"Best","Smooth",10,0.518017750390264
49,5,"Best","Smooth",10,0.458969125694073
49,6,"Best","Smooth",10,0.50133504695759
49,7,"Best","Smooth",10,0.427656050369547
49,8,"Best","Smooth",10,0.475314074614625
50,1,"Best","Smooth",5,0.405538050196798
50,2,"Best","Smooth",5,0.401208584558168
50,3,"Best","Smooth",5,0.465356546487905
50,4,"Best","Smooth",5,0.427651019700871
50,5,"Best","Smooth",5,0.446406395774434
50,6,"Best","Smooth",5,0.469050476122997
50,7,"Best","Smooth",5,0.43281789621095
50,8,"Best","Smooth",5,0.451725775793719
50,1,"Best","Smooth",10,0.543211126711038
50,2,"Best","Smooth",10,0.527185084783659
50,3,"Best","Smooth",10,0.596357420492775
50,4,"Best","Smooth",10,0.613467635929503
50,5,"Best","Smooth",10,0.560664827468771
50,6,"Best","Smooth",10,0.56746985185072
50,7,"Best","Smooth",10,0.696818769234098
50,8,"Best","Smooth",10,0.534532081637825
51,1,"Cumulative","Rough",5,0.48119272644096
51,2,"Cumulative","Rough",5,0.410424039971587
51,3,"Cumulative","Rough",5,0.395355493290158
51,4,"Cumulative","Rough",5,0.425594655278582
51,5,"Cumulative","Rough",5,0.435834531668063
51,6,"Cumulative","Rough",5,0.407646766662493
51,7,"Cumulative","Rough",5,0.402912581315451
51,8,"Cumulative","Rough",5,0.492450976302016
51,1,"Cumulative","Rough",10,0.421685198438853
51,2,"Cumulative","Rough",10,0.405962263149102
51,3,"Cumulative","Rough",10,0.426327517940584
51,4,"Cumulative","Rough",10,0.436121046318946
51,5,"Cumulative","Rough",10,0.424902900642716
51,6,"Cumulative","Rough",10,0.413162064153506
51,7,"Cumulative","Rough",10,0.417114662039069
51,8,"Cumulative","Rough",10,0.420006512759192
52,1,"Cumulative","Rough",5,0.580596427786968
52,2,"Cumulative","Rough",5,0.460091239843581
52,3,"Cumulative","Rough",5,0.568735028955368
52,4,"Cumulative","Rough",5,0.501334650136582
52,5,"Cumulative","Rough",5,0.520248162354297
52,6,"Cumulative","Rough",5,0.466511022246809
52,7,"Cumulative","Rough",5,0.427244327564612
52,8,"Cumulative","Rough",5,0.516157772580691
52,1,"Cumulative","Rough",10,0.462285815067217
52,2,"Cumulative","Rough",10,0.478323078986392
52,3,"Cumulative","Rough",10,0.446037444400931
52,4,"Cumulative","Rough",10,0.474688383987349
52,5,"Cumulative","Rough",10,0.433672511482233
52,6,"Cumulative","Rough",10,0.443233276199266
52,7,"Cumulative","Rough",10,0.427891560487858
52,8,"Cumulative","Rough",10,0.419933132038842
53,1,"Cumulative","Smooth",5,0.372753245871097
53,2,"Cumulative","Smooth",5,0.345601993678779
53,3,"Cumulative","Smooth",5,0.32384462126376
53,4,"Cumulative","Smooth",5,0.352426362877719
53,5,"Cumulative","Smooth",5,0.305741580259889
53,6,"Cumulative","Smooth",5,0.359677921291613
53,7,"Cumulative","Smooth",5,0.349034299922336
53,8,"Cumulative","Smooth",5,0.342117557409231
53,1,"Cumulative","Smooth",10,0.236879180867439
53,2,"Cumulative","Smooth",10,0.249924494592984
53,3,"Cumulative","Smooth",10,0.250678224827896
53,4,"Cumulative","Smooth",10,0.229461198554758
53,5,"Cumulative","Smooth",10,0.236989602758889
53,6,"Cumulative","Smooth",10,0.241508253017285
53,7,"Cumulative","Smooth",10,0.249811106981783
53,8,"Cumulative","Smooth",10,0.249910958778517
54,1,"Cumulative","Smooth",5,0.423230026404301
54,2,"Cumulative","Smooth",5,0.421100923743687
54,3,"Cumulative","Smooth",5,0.479441826341396
54,4,"Cumulative","Smooth",5,0.428260957417023
54,5,"Cumulative","Smooth",5,0.440009824576764
54,6,"Cumulative","Smooth",5,0.419061975358271
54,7,"Cumulative","Smooth",5,0.385575025457234
54,8,"Cumulative","Smooth",5,0.529068873954243
54,1,"Cumulative","Smooth",10,0.456457636429883
54,2,"Cumulative","Smooth",10,0.446199812372947
54,3,"Cumulative","Smooth",10,0.51369816572343
54,4,"Cumulative","Smooth",10,0.494917691197692
54,5,"Cumulative","Smooth",10,0.513802692447368
54,6,"Cumulative","Smooth",10,0.451976565489026
54,7,"Cumulative","Smooth",10,0.465268648401328
54,8,"Cumulative","Smooth",10,0.452691752641746
55,1,"Best","Rough",5,0.744771260526004
55,2,"Best","Rough",5,0.592444976398831
55,3,"Best","Rough",5,0.836249919158458
55,4,"Best","Rough",5,0.693888948804036
55,5,"Best","Rough",5,0.662644081542262
55,6,"Best","Rough",5,0.815918888841378
55,7,"Best","Rough",5,0.804425860874744
55,8,"Best","Rough",5,0.66475944237569
55,1,"Best","Rough",10,0.516742222633585
55,2,"Best","Rough",10,0.536727615318195
55,3,"Best","Rough",10,0.489782701109283
55,4,"Best","Rough",10,0.47143605330044
55,5,"Best","Rough",10,0.542955107735077
55,6,"Best","Rough",10,0.532668003530895
55,7,"Best","Rough",10,0.47782261329969
55,8,"Best","Rough",10,0.491903985849543
56,1,"Best","Rough",5,0.797914585973245
56,2,"Best","Rough",5,0.836289717079671
56,3,"Best","Rough",5,0.786739875949249
56,4,"Best","Rough",5,0.878945471041793
56,5,"Best","Rough",5,0.850807493484633
56,6,"Best","Rough",5,0.734644003125435
56,7,"Best","Rough",5,0.795826631138281
56,8,"Best","Rough",5,0.770477216381201
56,1,"Best","Rough",10,0.589376728738274
56,2,"Best","Rough",10,0.532960405899933
56,3,"Best","Rough",10,0.504697883742749
56,4,"Best","Rough",10,0.57147857085862
56,5,"Best","Rough",10,0.547610158594773
56,6,"Best","Rough",10,0.541871346856382
56,7,"Best","Rough",10,0.523201161434335
56,8,"Best","Rough",10,0.544352795054179
57,1,"Best","Smooth",5,0.402492265757401
57,2,"Best","Smooth",5,0.36673877025575
57,3,"Best","Smooth",5,0.356447407797349
57,4,"Best","Smooth",5,0.352463143650936
57,5,"Best","Smooth",5,0.343686352400189
57,6,"Best","Smooth",5,0.327725160769338
57,7,"Best","Smooth",5,0.344344740507298
57,8,"Best","Smooth",5,0.364702465777903
57,1,"Best","Smooth",10,0.388760985169888
57,2,"Best","Smooth",10,0.406756039831326
57,3,"Best","Smooth",10,0.394866880147615
57,4,"Best","Smooth",10,0.372783767000334
57,5,"Best","Smooth",10,0.390643857459242
57,6,"Best","Smooth",10,0.377205984824748
57,7,"Best","Smooth",10,0.369955999350137
57,8,"Best","Smooth",10,0.383781971919493
58,1,"Best","Smooth",5,0.494825853387149
58,2,"Best","Smooth",5,0.46365924571838
58,3,"Best","Smooth",5,0.446569765995047
58,4,"Best","Smooth",5,0.447014344772972
58,5,"Best","Smooth",5,0.5145308311804
58,6,"Best","Smooth",5,0.477322764025471
58,7,"Best","Smooth",5,0.453294507359789
58,8,"Best","Smooth",5,0.45019650431308
58,1,"Best","Smooth",10,0.560135328940415
58,2,"Best","Smooth",10,0.551836722177581
58,3,"Best","Smooth",10,0.563134084246927
58,4,"Best","Smooth",10,0.496723134961116
58,5,"Best","Smooth",10,0.515570006567704
58,6,"Best","Smooth",10,0.500763004540103
58,7,"Best","Smooth",10,0.532941840731122
58,8,"Best","Smooth",10,0.539424060455946
59,1,"Cumulative","Rough",5,0.351529219600854
59,2,"Cumulative","Rough",5,0.32500071084976
59,3,"Cumulative","Rough",5,0.375153706690504
59,4,"Cumulative","Rough",5,0.365871737415877
59,5,"Cumulative","Rough",5,0.347806218773298
59,6,"Cumulative","Rough",5,0.358105561835404
59,7,"Cumulative","Rough",5,0.322952453749927
59,8,"Cumulative","Rough",5,0.330001472791089
59,1,"Cumulative","Rough",10,0.391502556477802
59,2,"Cumulative","Rough",10,0.365366504193604
59,3,"Cumulative","Rough",10,0.360917647375622
59,4,"Cumulative","Rough",10,0.354211646007971
59,5,"Cumulative","Rough",10,0.39599586587401
59,6,"Cumulative","Rough",10,0.382315180566784
59,7,"Cumulative","Rough",10,0.394226917804325
59,8,"Cumulative","Rough",10,0.378026164689411
60,1,"Cumulative","Smooth",5,0.511606603435006
60,2,"Cumulative","Smooth",5,0.402236110210063
60,3,"Cumulative","Smooth",5,0.489533036617309
60,4,"Cumulative","Smooth",5,0.390882022778541
60,5,"Cumulative","Smooth",5,0.412703932836126
60,6,"Cumulative","Smooth",5,0.458881785121806
60,7,"Cumulative","Smooth",5,0.400576966529352
60,8,"Cumulative","Smooth",5,0.386991281712852
60,1,"Cumulative","Smooth",10,0.475832362393329
60,2,"Cumulative","Smooth",10,0.477097172556972
60,3,"Cumulative","Smooth",10,0.547614395766775
60,4,"Cumulative","Smooth",10,0.5217506958936
60,5,"Cumulative","Smooth",10,0.506866362307143
60,6,"Cumulative","Smooth",10,0.44629496970926
60,7,"Cumulative","Smooth",10,0.523445187494664
60,8,"Cumulative","Smooth",10,0.501186311354023
61,1,"Cumulative","Smooth",5,0.318476819220889
61,2,"Cumulative","Smooth",5,0.380085539940026
61,3,"Cumulative","Smooth",5,0.388574681831525
61,4,"Cumulative","Smooth",5,0.385351755126938
61,5,"Cumulative","Smooth",5,0.372734312098641
61,6,"Cumulative","Smooth",5,0.339441973918849
61,7,"Cumulative","Smooth",5,0.354564461495414
61,8,"Cumulative","Smooth",5,0.390552064923525
61,1,"Cumulative","Smooth",10,0.314899592206725
61,2,"Cumulative","Smooth",10,0.271590746604896
61,3,"Cumulative","Smooth",10,0.301150082692313
61,4,"Cumulative","Smooth",10,0.321364454080644
61,5,"Cumulative","Smooth",10,0.283004668103039
61,6,"Cumulative","Smooth",10,0.303503592832272
61,7,"Cumulative","Smooth",10,0.291573438304772
61,8,"Cumulative","Smooth",10,0.319562310881853
62,1,"Best","Rough",5,0.389729047996074
62,2,"Best","Rough",5,0.378395391497528
62,3,"Best","Rough",5,0.462489352853912
62,4,"Best","Rough",5,0.410121020241219
62,5,"Best","Rough",5,0.368995203442301
62,6,"Best","Rough",5,0.348594830566129
62,7,"Best","Rough",5,0.406804378272647
62,8,"Best","Rough",5,0.432245107170615
62,1,"Best","Rough",10,0.453488451095054
62,2,"Best","Rough",10,0.451968302370265
62,3,"Best","Rough",10,0.447363621696212
62,4,"Best","Rough",10,0.466048328264755
62,5,"Best","Rough",10,0.485895475670696
62,6,"Best","Rough",10,0.442533155354523
62,7,"Best","Rough",10,0.423564135235753
62,8,"Best","Rough",10,0.451066109020653
63,1,"Best","Rough",5,0.332016495030607
63,2,"Best","Rough",5,0.311828365954529
63,3,"Best","Rough",5,0.304832035157698
63,4,"Best","Rough",5,0.331123734619834
63,5,"Best","Rough",5,0.315056609128887
63,6,"Best","Rough",5,0.331020950335184
63,7,"Best","Rough",5,0.315614970768476
63,8,"Best","Rough",5,0.318646925504962
63,1,"Best","Rough",10,0.345763734772076
63,2,"Best","Rough",10,0.387559230445143
63,3,"Best","Rough",10,0.412362356855082
63,4,"Best","Rough",10,0.364852432849838
63,5,"Best","Rough",10,0.417789564519378
63,6,"Best","Rough",10,0.381513388671129
63,7,"Best","Rough",10,0.390757682745236
63,8,"Best","Rough",10,0.397409022548457
64,1,"Best","Smooth",5,0.430009644332001
64,2,"Best","Smooth",5,0.437954424978855
64,3,"Best","Smooth",5,0.404307877648761
64,4,"Best","Smooth",5,0.500168020188587
64,5,"Best","Smooth",5,0.420400685235161
64,6,"Best","Smooth",5,0.425751290073013
64,7,"Best","Smooth",5,0.424234001277488
64,8,"Best","Smooth",5,0.440450257312512
64,1,"Best","Smooth",10,0.458686258767818
64,2,"Best","Smooth",10,0.446158409622315
64,3,"Best","Smooth",10,0.45086169207152
64,4,"Best","Smooth",10,0.45169810728517
64,5,"Best","Smooth",10,0.429774191107683
64,6,"Best","Smooth",10,0.429343367825155
64,7,"Best","Smooth",10,0.431270283745415
64,8,"Best","Smooth",10,0.438833526751037
65,1,"Best","Smooth",5,0.419503117023496
65,2,"Best","Smooth",5,0.495713925123437
65,3,"Best","Smooth",5,0.416541018627425
65,4,"Best","Smooth",5,0.3988905018899
65,5,"Best","Smooth",5,0.380640372950108
65,6,"Best","Smooth",5,0.413002665933746
65,7,"Best","Smooth",5,0.40300318303
65,8,"Best","Smooth",5,0.435013146875272
65,1,"Best","Smooth",10,0.39501044066489
65,2,"Best","Smooth",10,0.382220777388115
65,3,"Best","Smooth",10,0.388620504990095
65,4,"Best","Smooth",10,0.403320581675787
65,5,"Best","Smooth",10,0.389580949111294
65,6,"Best","Smooth",10,0.368289057754387
65,7,"Best","Smooth",10,0.388637610282093
65,8,"Best","Smooth",10,0.380249603535591
66,1,"Cumulative","Rough",5,0.248889221071073
66,2,"Cumulative","Rough",5,0.250902017357703
66,3,"Cumulative","Rough",5,0.268460671533446
66,4,"Cumulative","Rough",5,0.25949991094423
66,5,"Cumulative","Rough",5,0.254051515233375
66,6,"Cumulative","Rough",5,0.249647535802394
66,7,"Cumulative","Rough",5,0.268390748461327
66,8,"Cumulative","Rough",5,0.222688643828517
66,1,"Cumulative","Rough",10,0.249947149919952
66,2,"Cumulative","Rough",10,0.261759279217003
66,3,"Cumulative","Rough",10,0.258774571264627
66,4,"Cumulative","Rough",10,0.248295306090257
66,5,"Cumulative","Rough",10,0.25821933115273
66,6,"Cumulative","Rough",10,0.244434787957589
66,7,"Cumulative","Rough",10,0.256509286038377
66,8,"Cumulative","Rough",10,0.24912704000444
67,1,"Cumulative","Rough",5,0.538984408453547
67,2,"Cumulative","Rough",5,0.559801736265541
67,3,"Cumulative","Rough",5,0.611731126382476
67,4,"Cumulative","Rough",5,0.557251356418003
67,5,"Cumulative","Rough",5,0.566834192152245
67,6,"Cumulative","Rough",5,0.578426850748742
67,7,"Cumulative","Rough",5,0.63078248825712
67,8,"Cumulative","Rough",5,0.565573824708419
67,1,"Cumulative","Rough",10,0.397310999215527
67,2,"Cumulative","Rough",10,0.436935430189121
67,3,"Cumulative","Rough",10,0.418053936126825
67,4,"Cumulative","Rough",10,0.440497351922216
67,5,"Cumulative","Rough",10,0.416345025533529
67,6,"Cumulative","Rough",10,0.438046525411474
67,7,"Cumulative","Rough",10,0.436080106693714
67,8,"Cumulative","Rough",10,0.424023432558598
68,1,"Cumulative","Smooth",5,0.3141206408397
68,2,"Cumulative","Smooth",5,0.291309348297107
68,3,"Cumulative","Smooth",5,0.315150148984131
68,4,"Cumulative","Smooth",5,0.268562683018153
68,5,"Cumulative","Smooth",5,0.268812284462015
68,6,"Cumulative","Smooth",5,0.282408065729605
68,7,"Cumulative","Smooth",5,0.277424266875863
68,8,"Cumulative","Smooth",5,0.313689987777838
68,1,"Cumulative","Smooth",10,0.444469873386801
68,2,"Cumulative","Smooth",10,0.445875350780322
68,3,"Cumulative","Smooth",10,0.399930255816738
68,4,"Cumulative","Smooth",10,0.392921277285187
68,5,"Cumulative","Smooth",10,0.42150004111332
68,6,"Cumulative","Smooth",10,0.435685219174946
68,7,"Cumulative","Smooth",10,0.444339362949483
68,8,"Cumulative","Smooth",10,0.415975645982338
69,1,"Cumulative","Smooth",5,0.504360302151948
69,2,"Cumulative","Smooth",5,0.599272774613475
69,3,"Cumulative","Smooth",5,0.556755356578788
69,4,"Cumulative","Smooth",5,0.505067735035287
69,5,"Cumulative","Smooth",5,0.61903901293599
69,6,"Cumulative","Smooth",5,0.505654995870181
69,7,"Cumulative","Smooth",5,0.50372827486435
69,8,"Cumulative","Smooth",5,0.493120447581239
69,1,"Cumulative","Smooth",10,0.525643858455253
69,2,"Cumulative","Smooth",10,0.566022710622443
69,3,"Cumulative","Smooth",10,0.551591075815815
69,4,"Cumulative","Smooth",10,0.528991551701476
69,5,"Cumulative","Smooth",10,0.519890930979353
69,6,"Cumulative","Smooth",10,0.557037113762849
69,7,"Cumulative","Smooth",10,0.552767902081607
69,8,"Cumulative","Smooth",10,0.551267916598715
70,1,"Best","Rough",5,0.433105445497564
70,2,"Best","Rough",5,0.399041830769192
70,3,"Best","Rough",5,0.456621754689634
70,4,"Best","Rough",5,0.438878183072747
70,5,"Best","Rough",5,0.556170160843226
70,6,"Best","Rough",5,0.495418213160478
70,7,"Best","Rough",5,0.443363728342698
70,8,"Best","Rough",5,0.430729298702412
70,1,"Best","Rough",10,0.374270243337413
70,2,"Best","Rough",10,0.378356531082246
70,3,"Best","Rough",10,0.411184932853419
70,4,"Best","Rough",10,0.395714968658966
70,5,"Best","Rough",10,0.402832300460408
70,6,"Best","Rough",10,0.382199246609919
70,7,"Best","Rough",10,0.381510758170665
70,8,"Best","Rough",10,0.386247202843762
71,1,"Best","Rough",5,0.65206796938133
71,2,"Best","Rough",5,0.566955912035188
71,3,"Best","Rough",5,0.579000420642916
71,4,"Best","Rough",5,0.663275519021733
71,5,"Best","Rough",5,0.622757707787554
71,6,"Best","Rough",5,0.648361177504546
71,7,"Best","Rough",5,0.680842798984874
71,8,"Best","Rough",5,0.544434109394695
71,1,"Best","Rough",10,0.53940532444741
71,2,"Best","Rough",10,0.599852888206069
71,3,"Best","Rough",10,0.521134829924467
71,4,"Best","Rough",10,0.511198969060359
71,5,"Best","Rough",10,0.539889526477315
71,6,"Best","Rough",10,0.52299568988773
71,7,"Best","Rough",10,0.556655561883619
71,8,"Best","Rough",10,0.490662017957695
72,1,"Best","Smooth",5,0.363510234172565
72,2,"Best","Smooth",5,0.357523493021875
72,3,"Best","Smooth",5,0.375626464017109
72,4,"Best","Smooth",5,0.404453404591522
72,5,"Best","Smooth",5,0.372611650899956
72,6,"Best","Smooth",5,0.401246883955064
72,7,"Best","Smooth",5,0.371624056019514
72,8,"Best","Smooth",5,0.444153905189228
72,1,"Best","Smooth",10,0.588237410262573
72,2,"Best","Smooth",10,0.551699750207241
72,3,"Best","Smooth",10,0.479927254073859
72,4,"Best","Smooth",10,0.520440832394535
72,5,"Best","Smooth",10,0.547000158243821
72,6,"Best","Smooth",10,0.567688279205827
72,7,"Best","Smooth",10,0.521517256848417
72,8,"Best","Smooth",10,0.535672198218969
73,1,"Best","Smooth",5,0.533090524962809
73,2,"Best","Smooth",5,0.552317124418631
73,3,"Best","Smooth",5,0.659228411960942
73,4,"Best","Smooth",5,0.680169248068287
73,5,"Best","Smooth",5,0.527779848136083
73,6,"Best","Smooth",5,0.543108773285299
73,7,"Best","Smooth",5,0.569410973380132
73,8,"Best","Smooth",5,0.618294756767984
73,1,"Best","Smooth",10,0.550202499984547
73,2,"Best","Smooth",10,0.480984045801117
73,3,"Best","Smooth",10,0.493241678682694
73,4,"Best","Smooth",10,0.47774337738929
73,5,"Best","Smooth",10,0.482289944988575
73,6,"Best","Smooth",10,0.467041049509715
73,7,"Best","Smooth",10,0.508275028123582
73,8,"Best","Smooth",10,0.485702305979736
74,1,"Best","Smooth",5,0.935345984977784
74,2,"Best","Smooth",5,1.01913656522364
74,3,"Best","Smooth",5,0.871819282212372
74,4,"Best","Smooth",5,1.17413010205385
74,5,"Best","Smooth",5,1.30335283919233
74,6,"Best","Smooth",5,1.12252559312418
74,7,"Best","Smooth",5,1.69930903652983
74,8,"Best","Smooth",5,0.951313214263124
74,1,"Best","Smooth",10,0.653039032345641
74,2,"Best","Smooth",10,0.74187831715072
74,3,"Best","Smooth",10,0.816117921389206
74,4,"Best","Smooth",10,0.664771057836474
74,5,"Best","Smooth",10,0.623344585841046
74,6,"Best","Smooth",10,0.702419328280552
74,7,"Best","Smooth",10,0.660870953716873
74,8,"Best","Smooth",10,0.735499752123659
75,1,"Best","Rough",5,0.487097651376149
75,2,"Best","Rough",5,0.490903431257809
75,3,"Best","Rough",5,0.486972953088314
75,4,"Best","Rough",5,0.489048163279838
75,5,"Best","Rough",5,0.486712813079415
75,6,"Best","Rough",5,0.519195341827904
75,7,"Best","Rough",5,0.505935629269775
75,8,"Best","Rough",5,0.560366456891843
75,1,"Best","Rough",10,0.558012180159848
75,2,"Best","Rough",10,0.494044778284507
75,3,"Best","Rough",10,0.542782202962835
75,4,"Best","Rough",10,0.587174581321308
75,5,"Best","Rough",10,0.508214171462096
75,6,"Best","Rough",10,0.534147070231802
75,7,"Best","Rough",10,0.549528742812574
75,8,"Best","Rough",10,0.507039261674043
76,1,"Best","Smooth",5,1.96027780503099
76,2,"Best","Smooth",5,3.34298663700032
76,3,"Best","Smooth",5,3.14814342632529
76,4,"Best","Smooth",5,1.51561482375281
76,5,"Best","Smooth",5,1.49615375824178
76,6,"Best","Smooth",5,2.32519492252968
76,7,"Best","Smooth",5,1.73230646493084
76,8,"Best","Smooth",5,4.55103002510499
76,1,"Best","Smooth",10,0.807733474208328
76,2,"Best","Smooth",10,0.675947124336981
76,3,"Best","Smooth",10,0.713461396120461
76,4,"Best","Smooth",10,0.722419158103117
76,5,"Best","Smooth",10,0.700424206418385
76,6,"Best","Smooth",10,0.735623249223624
76,7,"Best","Smooth",10,0.706507362045554
76,8,"Best","Smooth",10,0.832209445057276
77,1,"Cumulative","Smooth",5,0.398198206237063
77,2,"Cumulative","Smooth",5,0.430315739070524
77,3,"Cumulative","Smooth",5,0.417157451185408
77,4,"Cumulative","Smooth",5,0.369583821076707
77,5,"Cumulative","Smooth",5,0.408387505621617
77,6,"Cumulative","Smooth",5,0.433110920315793
77,7,"Cumulative","Smooth",5,0.379186874321979
77,8,"Cumulative","Smooth",5,0.353204227565411
77,1,"Cumulative","Smooth",10,0.450799478840926
77,2,"Cumulative","Smooth",10,0.408860755639097
77,3,"Cumulative","Smooth",10,0.42448191350209
77,4,"Cumulative","Smooth",10,0.445469194265199
77,5,"Cumulative","Smooth",10,0.446980664621466
77,6,"Cumulative","Smooth",10,0.458444001752183
77,7,"Cumulative","Smooth",10,0.435619650034751
77,8,"Cumulative","Smooth",10,0.416577634771755
78,1,"Best","Smooth",5,3.06322580712933
78,2,"Best","Smooth",5,148.401273649639
78,3,"Best","Smooth",5,4.99660241547651
78,4,"Best","Smooth",5,3.22240839939367
78,5,"Best","Smooth",5,2.87880196344754
78,6,"Best","Smooth",5,2.14188433049878
78,7,"Best","Smooth",5,4.06659532158897
78,8,"Best","Smooth",5,15.1968873929444
78,1,"Best","Smooth",10,0.976202443507664
78,2,"Best","Smooth",10,1.17975789225484
78,3,"Best","Smooth",10,1.04092534754606
78,4,"Best","Smooth",10,1.13232354742517
78,5,"Best","Smooth",10,0.943989594395635
78,6,"Best","Smooth",10,1.44841325033179
78,7,"Best","Smooth",10,1.07460277069573
78,8,"Best","Smooth",10,1.44433478379689
79,1,"Cumulative","Smooth",5,0.50771765159099
79,2,"Cumulative","Smooth",5,0.510783211601964
79,3,"Cumulative","Smooth",5,0.485269986883238
79,4,"Cumulative","Smooth",5,0.456194069974743
79,5,"Cumulative","Smooth",5,0.435952291197468
79,6,"Cumulative","Smooth",5,0.46638743268382
79,7,"Cumulative","Smooth",5,0.499772892379948
79,8,"Cumulative","Smooth",5,0.466951725480283
79,1,"Cumulative","Smooth",10,0.523041427601852
79,2,"Cumulative","Smooth",10,0.495608782133595
79,3,"Cumulative","Smooth",10,0.516877214466116
79,4,"Cumulative","Smooth",10,0.511473871276198
79,5,"Cumulative","Smooth",10,0.525299072163471
79,6,"Cumulative","Smooth",10,0.526000281341079
79,7,"Cumulative","Smooth",10,0.540379481021415
79,8,"Cumulative","Smooth",10,0.501748802590764
80,1,"Best","Rough",5,1.54770257944011
80,2,"Best","Rough",5,1.52289980517458
80,3,"Best","Rough",5,1.84289341894958
80,4,"Best","Rough",5,2.64675045206553
80,5,"Best","Rough",5,6.73541916865097
80,6,"Best","Rough",5,4.83386505369156
80,7,"Best","Rough",5,1.89910827784115
80,8,"Best","Rough",5,148.405936583619
80,1,"Best","Rough",10,0.699424365365636
80,2,"Best","Rough",10,0.69077974773048
80,3,"Best","Rough",10,0.780953616509748
80,4,"Best","Rough",10,0.70656192006353
80,5,"Best","Rough",10,0.854714495328854
80,6,"Best","Rough",10,0.713146343415743
80,7,"Best","Rough",10,0.873080870088031
80,8,"Best","Rough",10,0.84510122071468
81,1,"Best","Smooth",5,0.531827388376802
81,2,"Best","Smooth",5,0.54113318274132
81,3,"Best","Smooth",5,0.527175277416814
81,4,"Best","Smooth",5,0.591043280735098
81,5,"Best","Smooth",5,0.482309596174158
81,6,"Best","Smooth",5,0.503980581324622
81,7,"Best","Smooth",5,0.542467881348619
81,8,"Best","Smooth",5,0.557709903795608
81,1,"Best","Smooth",10,0.462010069164193
81,2,"Best","Smooth",10,0.461994356724876
81,3,"Best","Smooth",10,0.452008497810342
81,4,"Best","Smooth",10,0.428555499793348
81,5,"Best","Smooth",10,0.487091399198912
81,6,"Best","Smooth",10,0.482669847680777
81,7,"Best","Smooth",10,0.463968300760476
81,8,"Best","Smooth",10,0.464548403394558
