"","participant","reward","environment","nLL","kernel","acq","R2","bonus","kError","lambda","beta","tau","ModelName","bestDescribed"
"1",1,"Cumulative","Rough",243.070489658792,"BMT","UCB",0.404448731865903,1.01,4.55520974395496,NA,0.0737145537756524,0.00937992767317455,"BMT-UCB",0.493827160493827
"2",2,"Cumulative","Rough",256.949484645954,"BMT","UCB",0.370443562926497,1.04,4.29361064177711,NA,0.07195687180798,0.00674206469728931,"BMT-UCB",0.493827160493827
"3",3,"Cumulative","Smooth",309.550348747784,"BMT","UCB",0.241565263611889,1.26,1.45097864299026,NA,0.0540494662670505,0.0581285947402889,"BMT-UCB",0.493827160493827
"4",4,"Best","Rough",211.933722651127,"BMT","UCB",0.480737470589559,1.06,5.8036496933572,NA,0.0415484548392152,0.00673802318054619,"BMT-UCB",0.493827160493827
"5",5,"Best","Rough",268.644968989346,"BMT","UCB",0.341788251695887,1.16,8.28697678897042,NA,0.057471377780914,0.00673859823040514,"BMT-UCB",0.493827160493827
"6",6,"Best","Smooth",297.029096414035,"BMT","UCB",0.272243803472731,1.11,6.40045992680725,NA,0.00797434155096253,0.0143675726672306,"BMT-UCB",0.493827160493827
"7",7,"Cumulative","Rough",323.556703778371,"BMT","UCB",0.207248047597261,1.24,0.430359411027761,NA,0.0297740957780803,0.089654585991995,"BMT-UCB",0.493827160493827
"8",8,"Cumulative","Rough",291.043375700213,"BMT","UCB",0.286909522733086,1.23,1.34069887651432,NA,0.0251145005071492,0.0594365764982526,"BMT-UCB",0.493827160493827
"9",9,"Cumulative","Smooth",150.849850918903,"BMT","UCB",0.630400135620319,1.13,6.95581502253803,NA,0.0133579356919827,0.00673846846463489,"BMT-UCB",0.493827160493827
"10",10,"Cumulative","Smooth",230.400710181382,"BMT","UCB",0.435491180685349,1.12,6.54553619571429,NA,0.108391282072137,0.00677002158861108,"BMT-UCB",0.493827160493827
"11",11,"Best","Rough",197.276093635608,"BMT","UCB",0.516650384412564,1.15,7.40675858018812,NA,0.00878167766382698,0.00673797494503555,"BMT-UCB",0.493827160493827
"12",12,"Best","Rough",393.092335714753,"BMT","UCB",0.0368775767171879,1.01,0.955328380231348,NA,0.00673810598844683,0.104915930685048,"BMT-UCB",0.493827160493827
"13",13,"Best","Smooth",198.696921372325,"BMT","UCB",0.513169189465411,1.22,4.4971068928501,NA,0.0729306542470499,0.0126156207225442,"BMT-UCB",0.493827160493827
"14",14,"Best","Smooth",190.687535278507,"BMT","UCB",0.532793126751441,1.2,4.81360761432973,NA,0.0232223608697376,0.00673813846038306,"BMT-UCB",0.493827160493827
"15",15,"Cumulative","Rough",412.879809457945,"BMT","UCB",-0.0116040596076088,1.05,1.58105758700522,NA,0.0488973639923088,0.0775344892766375,"BMT-UCB",0.493827160493827
"16",16,"Cumulative","Smooth",165.818740658031,"BMT","UCB",0.593724596441495,1.13,6.38520093991644,NA,0.0196699117622648,0.00673815051362041,"BMT-UCB",0.493827160493827
"17",17,"Cumulative","Smooth",155.809473337424,"BMT","UCB",0.618248477782453,1.17,7.80861589455811,NA,0.0379698087064022,0.00673835429067714,"BMT-UCB",0.493827160493827
"18",18,"Best","Rough",309.583953991988,"BMT","UCB",0.24148292681391,1.06,6.84029775547174,NA,0.158907873725696,0.00673808993866061,"BMT-UCB",0.493827160493827
"19",19,"Best","Rough",399.062073462178,"BMT","UCB",0.0222510176030082,1.12,9.67048708271467,NA,0.00712898688079572,0.0143741700751838,"BMT-UCB",0.493827160493827
"20",20,"Best","Smooth",170.350885801187,"BMT","UCB",0.582620308170372,1.16,3.35644884544198,NA,0.053227800213357,0.00675398712449273,"BMT-UCB",0.493827160493827
"21",21,"Best","Smooth",325.977031723032,"BMT","UCB",0.201317959667762,1.35,1.69023622369084,NA,0.120328842251608,0.0517711660949614,"BMT-UCB",0.493827160493827
"22",22,"Cumulative","Rough",200.13847845512,"BMT","UCB",0.509637205184014,1.09,6.68384175739039,NA,0.0633827725319273,0.00673833777689895,"BMT-UCB",0.493827160493827
"23",23,"Cumulative","Rough",246.822979241525,"BMT","UCB",0.395254691352002,0.95,3.34260479195387,NA,0.0510913130279859,0.0142605527114051,"BMT-UCB",0.493827160493827
"24",24,"Cumulative","Smooth",335.916501990162,"BMT","UCB",0.176965089311183,1.17,3.43105280488305,NA,0.528164702907713,0.0173894007606651,"BMT-UCB",0.493827160493827
"25",25,"Cumulative","Smooth",220.932623335915,"BMT","UCB",0.458689106256392,1.02,1.5884820650164,NA,0.122920352414352,0.00673801935436373,"BMT-UCB",0.493827160493827
"26",26,"Best","Rough",249.441544744413,"BMT","UCB",0.388838898105664,1.21,2.75796499917211,NA,0.0744071559447582,0.01195314029763,"BMT-UCB",0.493827160493827
"27",27,"Best","Rough",143.970874355002,"BMT","UCB",0.647254436699182,0.58,2.64997011396863,NA,0.00673794917743657,0.0112838015454988,"BMT-UCB",0.493827160493827
"28",28,"Best","Smooth",204.100826694512,"BMT","UCB",0.49992898629627,1.19,4.75511410452056,NA,0.0504212484239454,0.00811385343579782,"BMT-UCB",0.493827160493827
"29",29,"Best","Smooth",308.258114538325,"BMT","UCB",0.244731389303453,1.2,7.01717883304266,NA,0.119008304631486,0.00718105118620143,"BMT-UCB",0.493827160493827
"30",30,"Cumulative","Rough",207.151212551027,"BMT","UCB",0.492455182430997,1.25,0.471319734981916,NA,0.0536044776094929,0.0495033553249013,"BMT-UCB",0.493827160493827
"31",31,"Cumulative","Rough",195.192215105523,"BMT","UCB",0.521756131732904,1.11,3.18470607106521,NA,0.017075586360086,0.0213192888754241,"BMT-UCB",0.493827160493827
"32",32,"Cumulative","Smooth",347.283984807667,"BMT","UCB",0.149113420369548,1.17,1.22077551231345,NA,0.0845214443172357,0.091672222781572,"BMT-UCB",0.493827160493827
"33",33,"Cumulative","Smooth",205.995235198027,"BMT","UCB",0.495287462809745,1.18,7.11903885891294,NA,0.0295288778620069,0.00673798390748631,"BMT-UCB",0.493827160493827
"34",34,"Best","Rough",153.284788049058,"BMT","UCB",0.624434253469318,0.82,5.15312412977584,NA,0.0719915009040037,0.00673877927082811,"BMT-UCB",0.493827160493827
"35",35,"Best","Rough",371.109843218178,"BMT","UCB",0.090737266971901,0.92,0.853713765734743,NA,0.0460149157433187,0.0978493493314592,"BMT-UCB",0.493827160493827
"36",36,"Best","Smooth",294.306528897168,"BMT","UCB",0.278914413876843,1.36,1.24452560892188,NA,0.0345041594350899,0.0823088658643721,"BMT-UCB",0.493827160493827
"37",37,"Best","Smooth",345.700332755042,"BMT","UCB",0.152993554027681,1.17,8.02245520709895,NA,0.0415891349129095,0.00673856066317967,"BMT-UCB",0.493827160493827
"38",38,"Cumulative","Rough",186.264788148713,"BMT","UCB",0.543629377032102,0.99,4.12024566023459,NA,0.0761308497491244,0.00673808004447276,"BMT-UCB",0.493827160493827
"39",39,"Cumulative","Smooth",181.986724902562,"BMT","UCB",0.554111134792904,1.04,3.65085117564915,NA,0.0105541384140529,0.0181255595066802,"BMT-UCB",0.493827160493827
"40",40,"Best","Rough",170.697215560822,"BMT","UCB",0.581771759554566,1.19,6.7797415711309,NA,0.056992802730708,0.00673805125481013,"BMT-UCB",0.493827160493827
"41",41,"Best","Rough",335.586375138502,"BMT","UCB",0.177773938898095,1.15,5.79212594620698,NA,0.182969904365744,0.00673802839849078,"BMT-UCB",0.493827160493827
"42",42,"Best","Smooth",239.195504666815,"BMT","UCB",0.413942900529537,1.21,3.11727324011032,NA,0.0998454886161928,0.0185429196727639,"BMT-UCB",0.493827160493827
"43",43,"Best","Smooth",378.813899566535,"BMT","UCB",0.0718614234481494,0.96,5.58334687773371,NA,0.0176651866582414,0.045510212808249,"BMT-UCB",0.493827160493827
"44",44,"Cumulative","Rough",277.98930714737,"BMT","UCB",0.318893524953464,1.28,2.37998326865478,NA,0.0279822617131306,0.0422613094695998,"BMT-UCB",0.493827160493827
"45",45,"Cumulative","Rough",259.592591718336,"BMT","UCB",0.36396763995049,1.27,1.14513495423387,NA,0.0333753574380964,0.0260102420668834,"BMT-UCB",0.493827160493827
"46",46,"Cumulative","Smooth",196.199056957945,"BMT","UCB",0.51928925085871,1.11,4.48883210515276,NA,0.087530458397189,0.00673967026121405,"BMT-UCB",0.493827160493827
"47",47,"Best","Rough",185.835576853534,"BMT","UCB",0.544680995151192,1.28,5.04535666344817,NA,0.0589562406693963,0.00673836129787179,"BMT-UCB",0.493827160493827
"48",48,"Best","Rough",446.857995044118,"BMT","UCB",-0.0948546078051586,1.21,8.90442187554976,NA,0.19828926397515,0.00885799727873412,"BMT-UCB",0.493827160493827
"49",49,"Best","Smooth",253.294300313871,"BMT","UCB",0.379399194139861,1.17,4.09488139355913,NA,0.107103738211204,0.00692905728039236,"BMT-UCB",0.493827160493827
"50",50,"Best","Smooth",353.490876027005,"BMT","UCB",0.133905807376148,1.21,1.67244578517864,NA,0.0655638650155686,0.0737428795600423,"BMT-UCB",0.493827160493827
"51",51,"Cumulative","Rough",408.387544825737,"BMT","UCB",-0.000597483275530664,1.02,8.9557297544386,NA,0.112911870151026,0.00678433496832857,"BMT-UCB",0.493827160493827
"52",52,"Cumulative","Rough",276.071495032166,"BMT","UCB",0.323592390039292,1.03,2.94703488907473,NA,0.0435437264939971,0.0210017119078955,"BMT-UCB",0.493827160493827
"53",53,"Cumulative","Smooth",272.183115972946,"BMT","UCB",0.333119375741898,1.29,0.63233056930755,NA,0.0291137794028949,0.0788873809685541,"BMT-UCB",0.493827160493827
"54",54,"Cumulative","Smooth",195.984710365387,"BMT","UCB",0.519814425202982,1.11,5.44242420856294,NA,0.0479863723345883,0.00673808209031559,"BMT-UCB",0.493827160493827
"55",55,"Best","Rough",179.290518923427,"BMT","UCB",0.56071715633126,0.98,4.66046276854795,NA,0.0796263715543603,0.00673870448055292,"BMT-UCB",0.493827160493827
"56",56,"Best","Rough",294.20889787659,"BMT","UCB",0.279153621351993,1.23,4.31615655748823,NA,0.158300379074929,0.0121126950311281,"BMT-UCB",0.493827160493827
"57",57,"Best","Smooth",223.219110762726,"BMT","UCB",0.45308694332612,1.37,4.40326917085287,NA,0.128017032808653,0.0176306849583042,"BMT-UCB",0.493827160493827
"58",58,"Best","Smooth",119.079416817066,"BMT","UCB",0.708241433200621,1.08,7.21686047593038,NA,0.00707271070641356,0.00673853749980942,"BMT-UCB",0.493827160493827
"59",59,"Cumulative","Rough",328.829372264747,"BMT","UCB",0.194329390100335,1.21,4.52641901116246,NA,0.131710703841997,0.0105774885068957,"BMT-UCB",0.493827160493827
"60",60,"Cumulative","Smooth",204.778815655504,"BMT","UCB",0.498267833656694,1.11,1.75828076795809,NA,0.0608792273837037,0.00673796886929404,"BMT-UCB",0.493827160493827
"61",61,"Cumulative","Smooth",257.074232222529,"BMT","UCB",0.370137916702104,1.34,1.57160047359832,NA,0.0809978817104798,0.0498393826960518,"BMT-UCB",0.493827160493827
"62",62,"Best","Rough",202.132694542606,"BMT","UCB",0.504751141386212,1.15,5.81910787055554,NA,0.0279512804148295,0.00877076681977255,"BMT-UCB",0.493827160493827
"63",63,"Best","Rough",266.925650381349,"BMT","UCB",0.346000784359793,1.02,0.604777494215869,NA,0.0312435765491491,0.0572722891337916,"BMT-UCB",0.493827160493827
"64",64,"Best","Smooth",137.256049372479,"BMT","UCB",0.663706547110667,1.21,6.70352354495551,NA,0.0105597501456897,0.00673795326703657,"BMT-UCB",0.493827160493827
"65",65,"Best","Smooth",170.594657015823,"BMT","UCB",0.582023040043686,1.14,4.25686642668802,NA,0.0158075734041504,0.0128319087366729,"BMT-UCB",0.493827160493827
"66",66,"Cumulative","Rough",220.751075846443,"BMT","UCB",0.459133918943172,1.3,1.62605018179643,NA,0.0328982267007479,0.033093554315167,"BMT-UCB",0.493827160493827
"67",67,"Cumulative","Rough",150.701594914348,"BMT","UCB",0.630763380256247,1.04,5.01487284279921,NA,0.0514770306437816,0.00693720379948957,"BMT-UCB",0.493827160493827
"68",68,"Cumulative","Smooth",201.309529612727,"BMT","UCB",0.506767992212329,1.18,6.7697273230402,NA,0.0226810975668882,0.00673796046800435,"BMT-UCB",0.493827160493827
"69",69,"Cumulative","Smooth",173.893009902138,"BMT","UCB",0.573941687811433,1.1,7.12700280538793,NA,0.0558670080193657,0.00673800517678115,"BMT-UCB",0.493827160493827
"70",70,"Best","Rough",153.166554812833,"BMT","UCB",0.624723938794213,1.04,4.01565381087417,NA,0.0608264465475413,0.0104839680447494,"BMT-UCB",0.493827160493827
"71",71,"Best","Rough",289.186941952207,"BMT","UCB",0.291458003605379,1.22,2.16287375473397,NA,0.130559992024432,0.0187724615469505,"BMT-UCB",0.493827160493827
"72",72,"Best","Smooth",247.714537616427,"BMT","UCB",0.393070268547187,1.39,5.87988346694898,NA,0.127318166230466,0.00919235720556812,"BMT-UCB",0.493827160493827
"73",73,"Best","Smooth",245.486224114224,"BMT","UCB",0.398529898524893,1.14,6.57619387386576,NA,0.0905033182087658,0.00673895109970567,"BMT-UCB",0.493827160493827
"74",74,"Best","Smooth",225.769504348328,"BMT","UCB",0.446838179289488,1.24,3.64021820540714,NA,0.115979585802295,0.0169512230307652,"BMT-UCB",0.493827160493827
"75",75,"Best","Rough",225.627179867154,"BMT","UCB",0.447186890995991,1.04,4.29086908377773,NA,0.042798621443429,0.00673820315665294,"BMT-UCB",0.493827160493827
"76",76,"Best","Smooth",297.219387047688,"BMT","UCB",0.271777569055112,1.09,0.879299646870973,NA,0.43365446087025,0.0558398123973805,"BMT-UCB",0.493827160493827
"77",77,"Cumulative","Smooth",140.771266218789,"BMT","UCB",0.655093852688053,1.15,6.39981420592185,NA,0.0225369602460211,0.00673812461054853,"BMT-UCB",0.493827160493827
"78",78,"Best","Smooth",392.895967024522,"BMT","UCB",0.0373587030877867,1.33,1.14258425313004,NA,0.157541729266627,0.0986145120072474,"BMT-UCB",0.493827160493827
"79",79,"Cumulative","Smooth",181.608674012926,"BMT","UCB",0.555037403905449,1.15,6.50796084850458,NA,0.0560731157192906,0.00673805128588032,"BMT-UCB",0.493827160493827
"80",80,"Best","Rough",195.457065489559,"BMT","UCB",0.521107217163721,1.06,5.46114774574036,NA,0.0388867650801399,0.00674189639568892,"BMT-UCB",0.493827160493827
"81",81,"Best","Smooth",157.168095798523,"BMT","UCB",0.614919693071651,1.3,6.24148589822831,NA,0.0221589986786573,0.00673795975123921,"BMT-UCB",0.493827160493827
"82",1,"Cumulative","Rough",255.407866509198,"RBF","UCB",0.374220708550439,1.01,NA,0.482774147972101,0.0888252537962483,0.0450182369089664,"RBF-UCB",0.506172839506173
"83",2,"Cumulative","Rough",254.912404195456,"RBF","UCB",0.375434649451597,1.04,NA,0.450310222923766,0.122594041819978,0.0231124069822038,"RBF-UCB",0.506172839506173
"84",3,"Cumulative","Smooth",269.177312065889,"RBF","UCB",0.340483948591209,1.26,NA,1.31270429798992,0.0971620050386567,0.0494855988160131,"RBF-UCB",0.506172839506173
"85",4,"Best","Rough",219.890115283487,"RBF","UCB",0.461243373512509,1.06,NA,0.575260082601209,0.0611369718513994,0.0373602920694172,"RBF-UCB",0.506172839506173
"86",5,"Best","Rough",312.505516217257,"RBF","UCB",0.234324755986041,1.16,NA,0.664354566758858,0.0354939383258106,0.07597469930051,"RBF-UCB",0.506172839506173
"87",6,"Best","Smooth",321.783369686601,"RBF","UCB",0.211592924544938,1.11,NA,0.702574593869603,0.0177766610392418,0.0733098038632233,"RBF-UCB",0.506172839506173
"88",7,"Cumulative","Rough",288.281389473036,"RBF","UCB",0.293676713610405,1.24,NA,1.07268369634756,0.0717398394978838,0.0665094893185502,"RBF-UCB",0.506172839506173
"89",8,"Cumulative","Rough",240.080420405315,"RBF","UCB",0.411774752964626,1.23,NA,1.24269024222789,0.0536702033374272,0.0455233082418695,"RBF-UCB",0.506172839506173
"90",9,"Cumulative","Smooth",173.867299491132,"RBF","UCB",0.574004681340184,1.13,NA,0.399031824342383,0.0569644152494345,0.0300719734069106,"RBF-UCB",0.506172839506173
"91",10,"Cumulative","Smooth",229.684173835643,"RBF","UCB",0.437246778948092,1.12,NA,0.797969977378354,0.139411392765339,0.0456299551871879,"RBF-UCB",0.506172839506173
"92",11,"Best","Rough",234.831938242229,"RBF","UCB",0.424634151126831,1.15,NA,0.521563438566321,0.040110529997493,0.0531892824606485,"RBF-UCB",0.506172839506173
"93",12,"Best","Rough",380.820301521268,"RBF","UCB",0.0669455028433696,1.01,NA,1.09222322147793,0.0461356523655794,0.14246865953245,"RBF-UCB",0.506172839506173
"94",13,"Best","Smooth",185.154331817821,"RBF","UCB",0.546350125556525,1.22,NA,0.672153858507709,0.148639433682784,0.034868315544902,"RBF-UCB",0.506172839506173
"95",14,"Best","Smooth",193.735892289983,"RBF","UCB",0.525324293794967,1.2,NA,0.556320029065383,0.0586216748575476,0.0426608101194487,"RBF-UCB",0.506172839506173
"96",15,"Cumulative","Rough",403.307799187489,"RBF","UCB",0.0118484905689447,1.05,NA,0.795301667390103,0.0987521919629077,0.185703880608841,"RBF-UCB",0.506172839506173
"97",16,"Cumulative","Smooth",179.297643318654,"RBF","UCB",0.560699700725612,1.13,NA,0.351556506249869,0.0746890839660962,0.0302527208450383,"RBF-UCB",0.506172839506173
"98",17,"Cumulative","Smooth",176.25549300638,"RBF","UCB",0.568153326539557,1.17,NA,0.91599585447725,0.0277280307996518,0.0517071666525265,"RBF-UCB",0.506172839506173
"99",18,"Best","Rough",331.00142047244,"RBF","UCB",0.189007616707128,1.06,NA,0.477368024193597,0.213142955873311,0.0385224912770675,"RBF-UCB",0.506172839506173
"100",19,"Best","Rough",418.697835908834,"RBF","UCB",-0.0258589082144003,1.12,NA,0.716614682740177,0.0480684430247555,0.373306399593509,"RBF-UCB",0.506172839506173
"101",20,"Best","Smooth",171.88270154633,"RBF","UCB",0.578867179557974,1.16,NA,0.467465689090299,0.127764088101796,0.00673796028766938,"RBF-UCB",0.506172839506173
"102",21,"Best","Smooth",312.511692557681,"RBF","UCB",0.234309623226087,1.35,NA,0.800164029523571,0.167425970428418,0.0666418644312955,"RBF-UCB",0.506172839506173
"103",22,"Cumulative","Rough",209.729318514434,"RBF","UCB",0.486138519811662,1.09,NA,0.770833128395756,0.0639453642266126,0.0396483849994908,"RBF-UCB",0.506172839506173
"104",23,"Cumulative","Rough",244.992693202048,"RBF","UCB",0.399739107265217,0.95,NA,0.506811803798715,0.0780649444741977,0.0511491390648726,"RBF-UCB",0.506172839506173
"105",24,"Cumulative","Smooth",325.262492104658,"RBF","UCB",0.203068665713781,1.17,NA,0.497178792435446,0.418152813466948,0.0218709287091417,"RBF-UCB",0.506172839506173
"106",25,"Cumulative","Smooth",214.072411074971,"RBF","UCB",0.475497432587613,1.02,NA,0.415060318933902,0.236075880991267,0.0084918263529993,"RBF-UCB",0.506172839506173
"107",26,"Best","Rough",232.720533253662,"RBF","UCB",0.429807341505683,1.21,NA,0.685415708926664,0.124545431126556,0.020734602802891,"RBF-UCB",0.506172839506173
"108",27,"Best","Rough",142.987587334601,"RBF","UCB",0.649663605466488,0.58,NA,0.459754335406905,0.00673794728072839,0.0198998613678377,"RBF-UCB",0.506172839506173
"109",28,"Best","Smooth",238.673531539978,"RBF","UCB",0.415221796038638,1.19,NA,0.519452840792888,0.0923950719393278,0.0266869028690468,"RBF-UCB",0.506172839506173
"110",29,"Best","Smooth",323.118859669074,"RBF","UCB",0.208320817125569,1.2,NA,0.680010522646941,0.138700086798148,0.0573642867360909,"RBF-UCB",0.506172839506173
"111",30,"Cumulative","Rough",175.733650666892,"RBF","UCB",0.569431901604283,1.25,NA,0.986609879560067,0.0877387483378437,0.0333830503137159,"RBF-UCB",0.506172839506173
"112",31,"Cumulative","Rough",193.1845523628,"RBF","UCB",0.526675141416444,1.11,NA,0.784372299897103,0.0311090373741621,0.0401133736419891,"RBF-UCB",0.506172839506173
"113",32,"Cumulative","Smooth",303.023737045604,"RBF","UCB",0.25755622936552,1.17,NA,1.65654821489096,0.155323045693301,0.0860071762796574,"RBF-UCB",0.506172839506173
"114",33,"Cumulative","Smooth",235.489917822739,"RBF","UCB",0.423022023821171,1.18,NA,0.608212776812454,0.0767107820965389,0.0427206448694485,"RBF-UCB",0.506172839506173
"115",34,"Best","Rough",159.181484658277,"RBF","UCB",0.609986653728385,0.82,NA,0.529186932586291,0.0945753152289439,0.0267943296214204,"RBF-UCB",0.506172839506173
"116",35,"Best","Rough",344.43976190971,"RBF","UCB",0.156082100755687,0.92,NA,1.1620155698533,0.0825782237333604,0.0957805941412751,"RBF-UCB",0.506172839506173
"117",36,"Best","Smooth",260.824273473754,"RBF","UCB",0.360949874888154,1.36,NA,1.27234016634618,0.0717929843529732,0.0681699480080888,"RBF-UCB",0.506172839506173
"118",37,"Best","Smooth",356.395184746746,"RBF","UCB",0.126789909664654,1.17,NA,0.581189163941399,0.0833590667380728,0.11402822749967,"RBF-UCB",0.506172839506173
"119",38,"Cumulative","Rough",180.591403599968,"RBF","UCB",0.557529835978642,0.99,NA,0.628157076837255,0.129945146468882,0.0157895469493986,"RBF-UCB",0.506172839506173
"120",39,"Cumulative","Smooth",209.684125646929,"RBF","UCB",0.486249247648639,1.04,NA,0.490596956352702,0.0161381238733855,0.0514149726937879,"RBF-UCB",0.506172839506173
"121",40,"Best","Rough",175.132418139053,"RBF","UCB",0.570904991961326,1.19,NA,0.754281214399475,0.0775309390336405,0.040313227877701,"RBF-UCB",0.506172839506173
"122",41,"Best","Rough",359.669196545708,"RBF","UCB",0.118768195957264,1.15,NA,0.452629618375299,0.229394842175135,0.0389846592094695,"RBF-UCB",0.506172839506173
"123",42,"Best","Smooth",235.17452010373,"RBF","UCB",0.423794785301952,1.21,NA,0.578813686291476,0.141758156073463,0.0335481531372295,"RBF-UCB",0.506172839506173
"124",43,"Best","Smooth",373.987070065035,"RBF","UCB",0.0836877230319476,0.96,NA,1.20915274743152,0.0106352030936227,0.165521708045626,"RBF-UCB",0.506172839506173
"125",44,"Cumulative","Rough",257.181680537836,"RBF","UCB",0.369874655701027,1.28,NA,0.959939885143691,0.083933086974752,0.0605256324454852,"RBF-UCB",0.506172839506173
"126",45,"Cumulative","Rough",263.422337106989,"RBF","UCB",0.354584313632082,1.27,NA,0.628364471979687,0.0970505243365291,0.0365505019243676,"RBF-UCB",0.506172839506173
"127",46,"Cumulative","Smooth",192.352022088174,"RBF","UCB",0.528714938437915,1.11,NA,0.454301967537674,0.159289331636973,0.0144523706673941,"RBF-UCB",0.506172839506173
"128",47,"Best","Rough",200.997298898849,"RBF","UCB",0.507532994158315,1.28,NA,0.635208728791583,0.0866867656259156,0.032111166011659,"RBF-UCB",0.506172839506173
"129",48,"Best","Rough",407.288218027364,"RBF","UCB",0.00209599658615001,1.21,NA,6.19477700817018,0.00674274517693632,0.384171772702337,"RBF-UCB",0.506172839506173
"130",49,"Best","Smooth",271.043780146106,"RBF","UCB",0.335910882425648,1.17,NA,0.430897776665215,0.149856017677401,0.0330411412127453,"RBF-UCB",0.506172839506173
"131",50,"Best","Smooth",323.815913918477,"RBF","UCB",0.206612952288612,1.21,NA,1.18015173742641,0.131911395677533,0.073532802782783,"RBF-UCB",0.506172839506173
"132",51,"Cumulative","Rough",428.241652819015,"RBF","UCB",-0.0492423813446707,1.02,NA,2.27449988973329,0.0333691129575734,0.421030168612173,"RBF-UCB",0.506172839506173
"133",52,"Cumulative","Rough",264.189163206451,"RBF","UCB",0.352705499562084,1.03,NA,1.18625356499742,0.0632806050980387,0.0647932138643002,"RBF-UCB",0.506172839506173
"134",53,"Cumulative","Smooth",229.307314267092,"RBF","UCB",0.43817012918396,1.29,NA,1.34057797804708,0.0464310371009638,0.0550500808023154,"RBF-UCB",0.506172839506173
"135",54,"Cumulative","Smooth",249.85066738258,"RBF","UCB",0.387836499557304,1.11,NA,0.547848464638675,0.061584043613327,0.0240369082388996,"RBF-UCB",0.506172839506173
"136",55,"Best","Rough",180.815735802482,"RBF","UCB",0.556980195716354,0.98,NA,0.566678620493004,0.112318074919125,0.0293597175926868,"RBF-UCB",0.506172839506173
"137",56,"Best","Rough",278.39455168609,"RBF","UCB",0.317900628204552,1.23,NA,0.563748037848497,0.185100286671192,0.0368437955081529,"RBF-UCB",0.506172839506173
"138",57,"Best","Smooth",203.850452915724,"RBF","UCB",0.500542431481139,1.37,NA,0.855785804797483,0.154134432878104,0.0420931096582173,"RBF-UCB",0.506172839506173
"139",58,"Best","Smooth",132.076857769769,"RBF","UCB",0.67639617525612,1.08,NA,0.444036281415733,0.0305992489802638,0.0527643547166056,"RBF-UCB",0.506172839506173
"140",59,"Cumulative","Rough",317.947404058857,"RBF","UCB",0.220991491180192,1.21,NA,0.704416603295575,0.15414786070564,0.0499981442229494,"RBF-UCB",0.506172839506173
"141",60,"Cumulative","Smooth",192.356650810648,"RBF","UCB",0.528703597523833,1.11,NA,0.374940655891892,0.132650963181413,0.0110340835644662,"RBF-UCB",0.506172839506173
"142",61,"Cumulative","Smooth",201.415280288964,"RBF","UCB",0.5065088906265,1.34,NA,1.18362982281458,0.136273480457911,0.0415615202163765,"RBF-UCB",0.506172839506173
"143",62,"Best","Rough",218.583310072934,"RBF","UCB",0.464445199869305,1.15,NA,0.26011987290518,0.0644094892215639,0.036324700235063,"RBF-UCB",0.506172839506173
"144",63,"Best","Rough",239.07286621776,"RBF","UCB",0.414243379143618,1.02,NA,0.850386898711483,0.061827161303745,0.0541606515238884,"RBF-UCB",0.506172839506173
"145",64,"Best","Smooth",145.906356677404,"RBF","UCB",0.642512277528912,1.21,NA,0.628380668944024,0.093106697571277,0.0135200166263083,"RBF-UCB",0.506172839506173
"146",65,"Best","Smooth",166.692801154577,"RBF","UCB",0.591583045495204,1.14,NA,0.719003619202073,0.0538145675439028,0.0402283590776081,"RBF-UCB",0.506172839506173
"147",66,"Cumulative","Rough",191.774638216102,"RBF","UCB",0.530129596785357,1.3,NA,1.05744548506662,0.0497932684912351,0.050396829789042,"RBF-UCB",0.506172839506173
"148",67,"Cumulative","Rough",161.103222030872,"RBF","UCB",0.605278171300609,1.04,NA,0.541050002536694,0.0320280389765109,0.0411057461034538,"RBF-UCB",0.506172839506173
"149",68,"Cumulative","Smooth",248.090521915615,"RBF","UCB",0.392149062824129,1.18,NA,0.604296543689946,0.0907092781732132,0.0227369897501502,"RBF-UCB",0.506172839506173
"150",69,"Cumulative","Smooth",196.272929258608,"RBF","UCB",0.519108255039753,1.1,NA,0.624348522277308,0.0991747973400576,0.0428778889042802,"RBF-UCB",0.506172839506173
"151",70,"Best","Rough",164.312235946453,"RBF","UCB",0.597415710046811,1.04,NA,0.543003409643609,0.073427510490951,0.0359939722711973,"RBF-UCB",0.506172839506173
"152",71,"Best","Rough",268.748274258489,"RBF","UCB",0.341535141644852,1.22,NA,0.655324716170239,0.213930668586003,0.0359413878687272,"RBF-UCB",0.506172839506173
"153",72,"Best","Smooth",218.435387653619,"RBF","UCB",0.464807627182191,1.39,NA,0.955392503422966,0.149159539209317,0.0302144097779663,"RBF-UCB",0.506172839506173
"154",73,"Best","Smooth",254.498484367236,"RBF","UCB",0.376448801679407,1.14,NA,0.456114059284313,0.164232950509298,0.0327753281448634,"RBF-UCB",0.506172839506173
"155",74,"Best","Smooth",217.157541831732,"RBF","UCB",0.467938499633112,1.24,NA,0.724892526087047,0.171054214675044,0.0412198681464237,"RBF-UCB",0.506172839506173
"156",75,"Best","Rough",227.687490315003,"RBF","UCB",0.442138888247124,1.04,NA,0.497268134451632,0.0779547541921401,0.0278663667833659,"RBF-UCB",0.506172839506173
"157",76,"Best","Smooth",288.214414564169,"RBF","UCB",0.293840810008799,1.09,NA,1.24663593522932,0.199373895782325,0.0722560982241841,"RBF-UCB",0.506172839506173
"158",77,"Cumulative","Smooth",154.053759578161,"RBF","UCB",0.62255018284454,1.15,NA,0.855072188737703,0.0375107788958167,0.0377586386014201,"RBF-UCB",0.506172839506173
"159",78,"Best","Smooth",374.395100603533,"RBF","UCB",0.0826880002561355,1.33,NA,1.21186951584259,0.248935088356242,0.106081193604085,"RBF-UCB",0.506172839506173
"160",79,"Cumulative","Smooth",206.467929328996,"RBF","UCB",0.494129306632362,1.15,NA,0.477025406100434,0.0852730633548416,0.0437215217373722,"RBF-UCB",0.506172839506173
"161",80,"Best","Rough",208.607539967265,"RBF","UCB",0.488887009096682,1.06,NA,0.557712627460356,0.0805227505470616,0.0585513454735312,"RBF-UCB",0.506172839506173
"162",81,"Best","Smooth",168.1851310645,"RBF","UCB",0.587926661819932,1.3,NA,0.358353712167931,0.121957194156238,0.00673800223181702,"RBF-UCB",0.506172839506173
